{
"type": "FeatureCollection",
"name": "parsed_data",
"crs": { "type": "name", "properties": { "name": "urn:ogc:def:crs:OGC:1.3:CRS84" } },
"features": [
{ "type": "Feature", "properties": { "Категория": "Дневной стационар", "Полное_наименование": "Государственное бюджетное учреждение здравоохранения города Москвы «Городская поликлиника № 46 Департамента здравоохранения города Москвы». Дневной стационар", "Краткое_название": "ГБУЗ ГП № 46 ДЗМ. Дневной стационар", "Адм_округ": "Центральный административный округ", "Район": "Таганский район", "Почтовый_индекс": "109544", "Адрес": "Российская Федерация, город Москва, внутригородская территория муниципальный округ Таганский, Рабочая улица, дом 34, строение 1", "Телефон_руководителя": "(499) 267-63-20", "Общий_телефон": "(499) 267-77-65", "Факс": "(499) 267-63-20", "Email": "gp46@zdrav.mos.ru", "Сайт": null, "Режим_работы": "Понедельник: 08:00-20:00; Вторник: 08:00-20:00; Среда: 08:00-20:00; Четверг: 08:00-20:00; Пятница: 08:00-20:00; Суббота: выходной; Воскресенье: выходной", "Уточнение_режима": "", "Руководитель": "Капто Оксана Владимировна", "Должность_руководителя": "главный врач", "ИНН": "7701107820", "КПП": "770901001", "ОГРН": "1037739491129", "Возрастное_ограничение": "взрослое", "Информация_по_специализации": "", "Доп_информация": "" }, "geometry": { "type": "MultiPoint", "coordinates": [ [ 37.68539255, 55.741658416 ] ] } },
{ "type": "Feature", "properties": { "Категория": "Дневной стационар", "Полное_наименование": "Государственное бюджетное учреждение здравоохранения города Москвы «Детская городская поликлиника № 145 Департамента здравоохранения города Москвы». Дневной стационар", "Краткое_название": "ГБУЗ ДГП № 145 ДЗМ. Дневной стационар", "Адм_округ": "Южный административный округ", "Район": "район Братеево", "Почтовый_индекс": "115211", "Адрес": "Российская Федерация, город Москва, внутригородская территория муниципальный округ Братеево, улица Борисовские Пруды, дом 10, корпус 3", "Телефон_руководителя": "(495) 340-03-00", "Общий_телефон": "(495) 340-24-84", "Факс": "(495) 340-03-00", "Email": "dgp145@zdrav.mos.ru", "Сайт": null, "Режим_работы": "Понедельник: 09:30-15:30; Вторник: 12:00-18:00; Среда: 09:30-15:30; Четверг: 12:00-18:00; Пятница: 09:30-15:30; Суббота: выходной; Воскресенье: выходной", "Уточнение_режима": "", "Руководитель": "Борисова Галина Николаевна", "Должность_руководителя": "главный врач", "ИНН": "7724247608", "КПП": "772401001", "ОГРН": "1037739546569", "Возрастное_ограничение": "детское", "Информация_по_специализации": "", "Доп_информация": "" }, "geometry": { "type": "MultiPoint", "coordinates": [ [ 37.740845062, 55.634396717 ] ] } },
{ "type": "Feature", "properties": { "Категория": "Дневной стационар", "Полное_наименование": "Государственное бюджетное учреждение здравоохранения города Москвы «Городская поликлиника № 8 филиал № 2 Департамента здравоохранения города Москвы». Дневной стационар", "Краткое_название": "ГБУЗ ГП № 8 филиал № 2 ДЗМ. Дневной стационар", "Адм_округ": "Западный административный округ", "Район": "район Тропарёво-Никулино", "Почтовый_индекс": "119526", "Адрес": "Российская Федерация, город Москва, внутригородская территория муниципальный округ Тропарево-Никулино, улица 26-ти Бакинских Комиссаров, дом 10, корпус 5", "Телефон_руководителя": "(495) 437-45-65", "Общий_телефон": "(495) 433-10-74", "Факс": "(495) 433-44-10", "Email": "gp8@zdrav.mos.ru", "Сайт": null, "Режим_работы": "Понедельник: 08:00-20:00; Вторник: 08:00-20:00; Среда: 08:00-20:00; Четверг: 08:00-20:00; Пятница: 08:00-20:00; Суббота: выходной; Воскресенье: выходной", "Уточнение_режима": "", "Руководитель": "Одарюк Оксана Анатольевна", "Должность_руководителя": "главный врач", "ИНН": "7729279321", "КПП": "772901001", "ОГРН": "1037739410928", "Возрастное_ограничение": "взрослое", "Информация_по_специализации": "", "Доп_информация": "" }, "geometry": { "type": "MultiPoint", "coordinates": [ [ 37.491070522, 55.662333972 ] ] } },
{ "type": "Feature", "properties": { "Категория": "Дневной стационар", "Полное_наименование": "Государственное бюджетное учреждение здравоохранения города Москвы «Городская поликлиника № 2 филиал № 1 Департамента здравоохранения города Москвы». Дневной стационар", "Краткое_название": "ГБУЗ ГП № 2 филиал № 1 ДЗМ. Дневной стационар", "Адм_округ": "Южный административный округ", "Район": "район Чертаново Северное", "Почтовый_индекс": "117208", "Адрес": "Российская Федерация, город Москва, внутригородская территория муниципальный округ Чертаново Северное, Чертановская улица, дом 14", "Телефон_руководителя": "(499) 317-00-54", "Общий_телефон": "(495) 312-73-09", "Факс": "(495) 311-35-27", "Email": "gp2@zdrav.mos.ru", "Сайт": null, "Режим_работы": "Понедельник: 08:00-14:00; Вторник: 08:00-14:00; Среда: 08:00-14:00; Четверг: 08:00-14:00; Пятница: 08:00-14:00; Суббота: выходной; Воскресенье: выходной", "Уточнение_режима": "", "Руководитель": "Шиндряева Наталья Николаевна", "Должность_руководителя": "главный врач", "ИНН": "7726316247", "КПП": "772601001", "ОГРН": "1037739730951", "Возрастное_ограничение": "взрослое", "Информация_по_специализации": "", "Доп_информация": "" }, "geometry": { "type": "MultiPoint", "coordinates": [ [ 37.59732205, 55.62964177 ] ] } },
{ "type": "Feature", "properties": { "Категория": "Дневной стационар", "Полное_наименование": "Государственное бюджетное учреждение здравоохранения города Москвы «Городская поликлиника № 219 Департамента здравоохранения города Москвы». Дневной стационар", "Краткое_название": "ГБУЗ ГП № 219 ДЗМ. Дневной стационар", "Адм_округ": "Северо-Западный административный округ", "Район": "район Южное Тушино", "Почтовый_индекс": "125373", "Адрес": "город Москва, бульвар Яна Райниса, дом 47", "Телефон_руководителя": "(495) 948-25-00", "Общий_телефон": "(495) 948-20-65", "Факс": "(495) 948-25-00", "Email": "gp219@zdrav.mos.ru", "Сайт": null, "Режим_работы": "Понедельник: 08:00-20:00; Вторник: 08:00-20:00; Среда: 08:00-20:00; Четверг: 08:00-20:00; Пятница: 08:00-20:00; Суббота: выходной; Воскресенье: выходной", "Уточнение_режима": "", "Руководитель": "Мамонтова Ольга Андреевна", "Должность_руководителя": "главный врач", "ИНН": "7733167540", "КПП": "773301001", "ОГРН": "1037733029641", "Возрастное_ограничение": "взрослое", "Информация_по_специализации": "", "Доп_информация": "" }, "geometry": { "type": "MultiPoint", "coordinates": [ [ 37.405638158, 55.849520154 ] ] } },
{ "type": "Feature", "properties": { "Категория": "Дневной стационар", "Полное_наименование": "Государственное бюджетное учреждение здравоохранения города Москвы «Диагностический клинический центр № 1 Департамента здравоохранения города Москвы». Дневной стационар", "Краткое_название": "ГБУЗ ДКЦ № 1 ДЗМ. Дневной стационар", "Адм_округ": "Юго-Западный административный округ", "Район": "район Коньково", "Почтовый_индекс": "117485", "Адрес": "Российская Федерация, город Москва, внутригородская территория муниципальный округ Коньково, улица Миклухо-Маклая, дом 29, корпус 2", "Телефон_руководителя": "(495) 336-67-55", "Общий_телефон": "(495) 336-67-33", "Факс": "(495) 336-69-22", "Email": "kdc1@zdrav.mos.ru", "Сайт": null, "Режим_работы": "Понедельник: 08:00-14:00; Вторник: 08:00-14:00; Среда: 08:00-14:00; Четверг: 08:00-14:00; Пятница: 08:00-14:00; Суббота: выходной; Воскресенье: выходной", "Уточнение_режима": "", "Руководитель": "Безымянный Алексей Сергеевич", "Должность_руководителя": "главный врач", "ИНН": "7728025109", "КПП": "772801001", "ОГРН": "1037739037082", "Возрастное_ограничение": "взрослое", "Информация_по_специализации": "", "Доп_информация": "" }, "geometry": { "type": "MultiPoint", "coordinates": [ [ 37.51785898, 55.647674496 ] ] } },
{ "type": "Feature", "properties": { "Категория": "Дневной стационар", "Полное_наименование": "Государственное бюджетное учреждение здравоохранения города Москвы «Городская поликлиника № 134 филиал № 1 Департамента здравоохранения города Москвы». Дневной стационар", "Краткое_название": "ГБУЗ ГП № 134 филиал № 1 ДЗМ. Дневной стационар", "Адм_округ": "Юго-Западный административный округ", "Район": "район Ясенево", "Почтовый_индекс": "117588", "Адрес": "Российская Федерация, город Москва, внутригородская территория муниципальный округ Ясенево, Тарусская улица, дом 6, корпус 1", "Телефон_руководителя": "(495) 422-11-11", "Общий_телефон": "(495) 425-66-11", "Факс": "(495) 425-68-11", "Email": "gp134@zdrav.mos.ru", "Сайт": null, "Режим_работы": "Понедельник: 07:30-15:00; Вторник: 07:30-15:00; Среда: 07:30-15:00; Четверг: 07:30-15:00; Пятница: 07:30-15:00; Суббота: выходной; Воскресенье: выходной", "Уточнение_режима": "", "Руководитель": "Кичкина Ольга Вячеславовна", "Должность_руководителя": "исполняющий обязанности главного врача", "ИНН": "7728288161", "КПП": "772801001", "ОГРН": "1037728024465", "Возрастное_ограничение": "взрослое", "Информация_по_специализации": "", "Доп_информация": "" }, "geometry": { "type": "MultiPoint", "coordinates": [ [ 37.534682572, 55.610638937 ] ] } },
{ "type": "Feature", "properties": { "Категория": "Дневной стационар", "Полное_наименование": "Государственное бюджетное учреждение здравоохранения города Москвы «Психоневрологический диспансер № 2 филиал Психиатрической клинической больницы № 1 имени Н. А. Алексеева Департамента здравоохранения города Москвы». Дневной стационар", "Краткое_название": "ГБУЗ ПНД № 2 филиал ПКБ № 1 им. Н. А. Алексеева ДЗМ. Дневной стационар", "Адм_округ": "Западный административный округ", "Район": "район Филёвский Парк", "Почтовый_индекс": "121096", "Адрес": "Российская Федерация, город Москва, внутригородская территория муниципальный округ Филевский Парк, 2-я Филёвская улица, дом 7, корпус 6", "Телефон_руководителя": "(495) 952-87-90", "Общий_телефон": "(499) 248-79-35", "Факс": "(499) 248-79-80", "Email": "pkb1@zdrav.mos.ru", "Сайт": null, "Режим_работы": "Понедельник: 09:00-16:00; Вторник: 09:00-16:00; Среда: 09:00-16:00; Четверг: 09:00-16:00; Пятница: 09:00-16:00; Суббота: выходной; Воскресенье: выходной", "Уточнение_режима": "", "Руководитель": "Костюк Георгий Петрович", "Должность_руководителя": "главный врач", "ИНН": "7726050389", "КПП": "772601001", "ОГРН": "1037726005514", "Возрастное_ограничение": "взрослое", "Информация_по_специализации": "", "Доп_информация": "" }, "geometry": { "type": "MultiPoint", "coordinates": [ [ 37.582270826, 55.749575614 ] ] } },
{ "type": "Feature", "properties": { "Категория": "Дневной стационар", "Полное_наименование": "Государственное бюджетное учреждение здравоохранения города Москвы «Московский научно-практический центр наркологии филиал № 8 Департамента здравоохранения города Москвы». Дневной стационар", "Краткое_название": "ГБУЗ МНПЦ Н филиал № 8 ДЗМ. Дневной стационар", "Адм_округ": "Западный административный округ", "Район": "район Филёвский Парк", "Почтовый_индекс": "121096", "Адрес": "Российская Федерация, город Москва, внутригородская территория муниципальный округ Филевский Парк, Кастанаевская улица, дом 26", "Телефон_руководителя": "(499) 178-35-05", "Общий_телефон": "(499) 145-00-11", "Факс": "(499) 145-00-44", "Email": "mnpcn@zdrav.mos.ru", "Сайт": null, "Режим_работы": "Понедельник: 08:00-20:00; Вторник: 08:00-20:00; Среда: 08:00-20:00; Четверг: 08:00-20:00; Пятница: 08:00-20:00; Суббота: выходной; Воскресенье: выходной", "Уточнение_режима": "", "Руководитель": "Масякин Антон Валерьевич", "Должность_руководителя": "главный врач", "ИНН": "7723356386", "КПП": "772301001", "ОГРН": "1057723005009", "Возрастное_ограничение": "взрослое", "Информация_по_специализации": "", "Доп_информация": "" }, "geometry": { "type": "MultiPoint", "coordinates": [ [ 37.489374404, 55.738132118 ] ] } },
{ "type": "Feature", "properties": { "Категория": "Дневной стационар", "Полное_наименование": "Государственное бюджетное учреждение здравоохранения города Москвы «Городская поликлиника № 219 филиал № 2 Департамента здравоохранения города Москвы». Дневной стационар", "Краткое_название": "ГБУЗ ГП № 219 филиал № 2 ДЗМ. Дневной стационар", "Адм_округ": "Северо-Западный административный округ", "Район": "район Северное Тушино", "Почтовый_индекс": "125480", "Адрес": "Российская Федерация, город Москва, внутригородская территория муниципальный округ Северное Тушино, бульвар Яна Райниса, дом 4", "Телефон_руководителя": "(495) 948-25-00", "Общий_телефон": "(495) 495-03-33", "Факс": "(495) 495-62-91", "Email": "gp219@zdrav.mos.ru", "Сайт": null, "Режим_работы": "Понедельник: 09:00-13:00; Вторник: 09:00-13:00; Среда: 09:00-13:00; Четверг: 09:00-13:00; Пятница: 09:00-13:00; Суббота: выходной; Воскресенье: выходной", "Уточнение_режима": "", "Руководитель": "Мамонтова Ольга Андреевна", "Должность_руководителя": "главный врач", "ИНН": "7733167540", "КПП": "773301001", "ОГРН": "1037733029641", "Возрастное_ограничение": "взрослое", "Информация_по_специализации": "", "Доп_информация": "" }, "geometry": { "type": "MultiPoint", "coordinates": [ [ 37.431047518, 55.85134454 ] ] } },
{ "type": "Feature", "properties": { "Категория": "Дневной стационар", "Полное_наименование": "Государственное бюджетное учреждение здравоохранения города Москвы «Городская поликлиника № 212 Департамента здравоохранения города Москвы». Дневной стационар", "Краткое_название": "ГБУЗ ГП № 212 ДЗМ. Дневной стационар", "Адм_округ": "Западный административный округ", "Район": "район Солнцево", "Почтовый_индекс": "119620", "Адрес": "Российская Федерация, город Москва, внутригородская территория муниципальный округ Солнцево, Солнцевский проспект, дом 11А", "Телефон_руководителя": "(495) 934-23-55", "Общий_телефон": "(495) 934-24-55", "Факс": "(495) 934-23-55", "Email": "gp212@zdrav.mos.ru", "Сайт": null, "Режим_работы": "Понедельник: 08:00-12:00; Вторник: 08:00-12:00; Среда: 08:00-12:00; Четверг: 08:00-12:00; Пятница: 08:00-12:00; Суббота: выходной; Воскресенье: выходной", "Уточнение_режима": "", "Руководитель": "Смирнов Андрей Павлович", "Должность_руководителя": "главный врач", "ИНН": "7732016040", "КПП": "772901001", "ОГРН": "1027739029339", "Возрастное_ограничение": "взрослое", "Информация_по_специализации": "", "Доп_информация": "" }, "geometry": { "type": "MultiPoint", "coordinates": [ [ 37.404168917, 55.648475247 ] ] } },
{ "type": "Feature", "properties": { "Категория": "Дневной стационар", "Полное_наименование": "Государственное бюджетное учреждение здравоохранения города Москвы «Диагностический центр № 5 с поликлиническим отделением филиал № 1 Департамента здравоохранения города Москвы». Дневной стационар", "Краткое_название": "ГБУЗ ДЦ № 5 филиал № 1 ДЗМ. Дневной стационар", "Адм_округ": "Северо-Восточный административный округ", "Район": "Алтуфьевский район", "Почтовый_индекс": "127410", "Адрес": "Российская Федерация, город Москва, внутригородская территория муниципальный округ Алтуфьевский, Инженерная улица, дом 3, строение 1", "Телефон_руководителя": "(499) 200-12-65", "Общий_телефон": "(499) 900-90-97", "Факс": "(499) 900-90-97", "Email": "dc5@zdrav.mos.ru", "Сайт": null, "Режим_работы": "Понедельник: 09:00-14:00; Вторник: 09:00-14:00; Среда: 09:00-14:00; Четверг: 09:00-14:00; Пятница: 09:00-14:00; Суббота: выходной; Воскресенье: выходной", "Уточнение_режима": "", "Руководитель": "Гуляев Павел Владимирович", "Должность_руководителя": "главный врач", "ИНН": "7715065224", "КПП": "771501001", "ОГРН": "1027700333605", "Возрастное_ограничение": "взрослое", "Информация_по_специализации": "", "Доп_информация": "" }, "geometry": { "type": "MultiPoint", "coordinates": [ [ 37.580641151, 55.878359931 ] ] } },
{ "type": "Feature", "properties": { "Категория": "Дневной стационар", "Полное_наименование": "Государственное бюджетное учреждение здравоохранения города Москвы «Городская поликлиника № 52 филиал № 2 Департамента здравоохранения города Москвы». Дневной стационар", "Краткое_название": "ГБУЗ ГП № 52 филиал № 2 ДЗМ. Дневной стационар", "Адм_округ": "Южный административный округ", "Район": "район Бирюлёво Западное", "Почтовый_индекс": "117546", "Адрес": "Российская Федерация, город Москва, внутригородская территория муниципальный округ Бирюлево Западное, Булатниковский проезд, дом 8", "Телефон_руководителя": "(495) 383-37-50", "Общий_телефон": "(495) 383-97-65; (495) 385-09-54", "Факс": "(495) 385-09-54", "Email": "gp52@zdrav.mos.ru", "Сайт": null, "Режим_работы": "Понедельник: 09:00-13:00; Вторник: 09:00-13:00; Среда: 09:00-13:00; Четверг: 09:00-13:00; Пятница: 09:00-13:00; Суббота: выходной; Воскресенье: выходной", "Уточнение_режима": "", "Руководитель": "Балашов Дмитрий Владимирович", "Должность_руководителя": "главный врач", "ИНН": "7724750113", "КПП": "772401001", "ОГРН": "1107746463681", "Возрастное_ограничение": "взрослое", "Информация_по_специализации": "", "Доп_информация": "" }, "geometry": { "type": "MultiPoint", "coordinates": [ [ 37.653643768, 55.590810881 ] ] } },
{ "type": "Feature", "properties": { "Категория": "Дневной стационар", "Полное_наименование": "Государственное бюджетное учреждение здравоохранения города Москвы «Городская поликлиника № 23 Департамента здравоохранения города Москвы». Дневной стационар", "Краткое_название": "ГБУЗ ГП № 23 ДЗМ. Дневной стационар", "Адм_округ": "Юго-Восточный административный округ", "Район": "район Выхино-Жулебино", "Почтовый_индекс": "109431", "Адрес": "Российская Федерация, город Москва, внутригородская территория муниципальный округ Выхино-Жулебино, улица Авиаконструктора Миля, дом 6, корпус 1", "Телефон_руководителя": "(499) 796-05-17", "Общий_телефон": "(499) 796-05-20", "Факс": "(499) 796-64-54", "Email": "gp23@zdrav.mos.ru", "Сайт": null, "Режим_работы": "Понедельник: 08:00-20:00; Вторник: 08:00-20:00; Среда: 08:00-20:00; Четверг: 08:00-20:00; Пятница: 08:00-20:00; Суббота: выходной; Воскресенье: выходной", "Уточнение_режима": "", "Руководитель": "Гордина Ольга Андреевна", "Должность_руководителя": "главный врач", "ИНН": "7721244510", "КПП": "772101001", "ОГРН": "1027739093293", "Возрастное_ограничение": "взрослое", "Информация_по_специализации": "", "Доп_информация": "" }, "geometry": { "type": "MultiPoint", "coordinates": [ [ 37.851913135, 55.685208592 ] ] } },
{ "type": "Feature", "properties": { "Категория": "Дневной стационар", "Полное_наименование": "Государственное бюджетное учреждение здравоохранения города Москвы «Детская городская поликлиника № 132 Департамента здравоохранения города Москвы». Дневной стационар", "Краткое_название": "ГБУЗ ДГП № 132 ДЗМ. Дневной стационар", "Адм_округ": "Западный административный округ", "Район": "район Ново-Переделкино", "Почтовый_индекс": "119633", "Адрес": "Российская Федерация, город Москва, внутригородская территория муниципальный округ Ново-Переделкино, Новоорловская улица, дом 2, корпус 1", "Телефон_руководителя": "(495) 733-54-60", "Общий_телефон": "(499) 733-54-58", "Факс": "(495) 733-54-58", "Email": "dgp132@zdrav.mos.ru", "Сайт": null, "Режим_работы": "Понедельник: 09:00-17:00; Вторник: 09:00-17:00; Среда: 09:00-17:00; Четверг: 09:00-17:00; Пятница: 09:00-17:00; Суббота: выходной; Воскресенье: выходной", "Уточнение_режима": "", "Руководитель": "Кузнецова Елена Ивановна", "Должность_руководителя": "главный врач", "ИНН": "7732002136", "КПП": "772901001", "ОГРН": "1027700391850", "Возрастное_ограничение": "детское", "Информация_по_специализации": "", "Доп_информация": "" }, "geometry": { "type": "MultiPoint", "coordinates": [ [ 37.365092299, 55.639372968 ] ] } },
{ "type": "Feature", "properties": { "Категория": "Дневной стационар", "Полное_наименование": "Государственное бюджетное учреждение здравоохранения города Москвы «Городская поликлиника № 218 Департамента здравоохранения города Москвы». Дневной стационар", "Краткое_название": "ГБУЗ ГП № 218 ДЗМ. Дневной стационар", "Адм_округ": "Северо-Восточный административный округ", "Район": "район Южное Медведково", "Почтовый_индекс": "127642", "Адрес": "город Москва, проезд Шокальского, дом 8, строение 1", "Телефон_руководителя": "(499) 790-32-84", "Общий_телефон": "(499) 477-42-04", "Факс": "(499) 478-45-18", "Email": "gp218@zdrav.mos.ru", "Сайт": null, "Режим_работы": "Понедельник: 09:00-15:00; Вторник: 09:00-15:00; Среда: 09:00-15:00; Четверг: 09:00-15:00; Пятница: 09:00-15:00; Суббота: выходной; Воскресенье: выходной", "Уточнение_режима": "", "Руководитель": "Парсаданян Нателла Эдуардовна", "Должность_руководителя": "главный врач", "ИНН": "7715089433", "КПП": "771501001", "ОГРН": "1037700152544", "Возрастное_ограничение": "взрослое", "Информация_по_специализации": "", "Доп_информация": "" }, "geometry": { "type": "MultiPoint", "coordinates": [ [ 37.646507388, 55.874618487 ] ] } },
{ "type": "Feature", "properties": { "Категория": "Дневной стационар", "Полное_наименование": "Государственное бюджетное учреждение здравоохранения города Москвы «Детская городская поликлиника № 131 Департамента здравоохранения города Москвы». Дневной стационар", "Краткое_название": "ГБУЗ ДГП № 131 ДЗМ. Дневной стационар", "Адм_округ": "Западный административный округ", "Район": "район Раменки", "Почтовый_индекс": "119607", "Адрес": "Российская Федерация, город Москва, внутригородская территория муниципальный округ Раменки, улица Раменки, дом 27", "Телефон_руководителя": "(495) 931-83-11", "Общий_телефон": "(499) 931-16-96", "Факс": "(495) 931-83-11", "Email": "dgp131@zdrav.mos.ru", "Сайт": null, "Режим_работы": "Понедельник: 13:00-15:00; Вторник: 09:00-15:00; Среда: 09:00-15:00; Четверг: 09:00-15:00; Пятница: 13:00-15:00; Суббота: выходной; Воскресенье: выходной", "Уточнение_режима": "", "Руководитель": "Зайцева Элина Геннадьевна", "Должность_руководителя": "главный врач", "ИНН": "7729139596", "КПП": "772901001", "ОГРН": "1027700476495", "Возрастное_ограничение": "детское", "Информация_по_специализации": "", "Доп_информация": "" }, "geometry": { "type": "MultiPoint", "coordinates": [ [ 37.491978312, 55.689203625 ] ] } },
{ "type": "Feature", "properties": { "Категория": "Дневной стационар", "Полное_наименование": "Государственное бюджетное учреждение здравоохранения города Москвы «Психиатрическая клиническая больница № 4 имени П. Б. Ганнушкина филиал Психоневрологический диспансер № 3 Департамента здравоохранения города Москвы». Дневной стационар", "Краткое_название": "ГБУЗ ПКБ № 4 им. П. Б. Ганнушкина филиал ПНД № 3 ДЗМ. Дневной стационар", "Адм_округ": "Северо-Западный административный округ", "Район": "район Хорошёво-Мнёвники", "Почтовый_индекс": "123154", "Адрес": "Российская Федерация, город Москва, внутригородская территория муниципальный округ Хорошево-Мневники, улица Генерала Глаголева, дом 8, корпус 4", "Телефон_руководителя": "(495) 963-01-64", "Общий_телефон": "(499) 720-72-40", "Факс": "(499) 720-72-40", "Email": "pkb4@zdrav.mos.ru", "Сайт": null, "Режим_работы": "Понедельник: 09:00-16:40; Вторник: 09:00-16:40; Среда: 09:00-16:40; Четверг: 09:00-16:40; Пятница: 09:00-16:40; Суббота: выходной; Воскресенье: выходной", "Уточнение_режима": "", "Руководитель": "Бурыгина Лариса Андреевна", "Должность_руководителя": "главный врач", "ИНН": "7718084948", "КПП": "771801001", "ОГРН": "1027700460303", "Возрастное_ограничение": "взрослое", "Информация_по_специализации": "", "Доп_информация": "" }, "geometry": { "type": "MultiPoint", "coordinates": [ [ 37.46380326, 55.780099986 ] ] } },
{ "type": "Feature", "properties": { "Категория": "Дневной стационар", "Полное_наименование": "Государственное бюджетное учреждение здравоохранения города Москвы «Городская поликлиника № 180 филиал № 3 Департамента здравоохранения города Москвы». Дневной стационар", "Краткое_название": "ГБУЗ ГП № 180 филиал № 3 ДЗМ. Дневной стационар", "Адм_округ": "Северо-Западный административный округ", "Район": "район Митино", "Почтовый_индекс": "125430", "Адрес": "город Москва, Пятницкое шоссе, дом 29, корпус 3, строение 1", "Телефон_руководителя": "(495) 759-80-97", "Общий_телефон": "(495) 751-25-02", "Факс": "(495) 751-25-72", "Email": "gp180@zdrav.mos.ru", "Сайт": null, "Режим_работы": "Понедельник: 08:00-17:00; Вторник: 08:00-17:00; Среда: 08:00-17:00; Четверг: 08:00-17:00; Пятница: 08:00-17:00; Суббота: выходной; Воскресенье: выходной", "Уточнение_режима": "", "Руководитель": "Пирожкова Галина Юрьевна", "Должность_руководителя": "главный врач", "ИНН": "7733137143", "КПП": "773301001", "ОГРН": "1027733002219", "Возрастное_ограничение": "взрослое", "Информация_по_специализации": "", "Доп_информация": "" }, "geometry": { "type": "MultiPoint", "coordinates": [ [ 37.361536315, 55.84971131 ] ] } },
{ "type": "Feature", "properties": { "Категория": "Дневной стационар", "Полное_наименование": "Государственное бюджетное учреждение здравоохранения «Психиатрическая клиническая больница № 13 Департамента здравоохранения города Москвы» филиал № 1. Дневной стационар", "Краткое_название": "ГБУЗ ПКБ № 13 ДЗМ филиал № 1. Дневной стационар", "Адм_округ": "Центральный административный округ", "Район": "Таганский район", "Почтовый_индекс": "109029", "Адрес": "Российская Федерация, город Москва, внутригородская территория муниципальный округ Таганский, Средняя Калитниковская улица, дом 29, строение 1", "Телефон_руководителя": "(495) 350-35-80", "Общий_телефон": "(495) 670-85-21", "Факс": "(495) 670-85-18", "Email": "pb13@zdrav.mos.ru", "Сайт": null, "Режим_работы": "Понедельник: 09:00-14:00; Вторник: 09:00-14:00; Среда: 09:00-14:00; Четверг: 09:00-14:00; Пятница: 09:00-14:00; Суббота: выходной; Воскресенье: выходной", "Уточнение_режима": "", "Руководитель": "Пыжова Виктория Владимировна", "Должность_руководителя": "исполняющий обязанности главного врача", "ИНН": "7723040720", "КПП": "772301001", "ОГРН": "1027739601449", "Возрастное_ограничение": "взрослое", "Информация_по_специализации": "", "Доп_информация": "" }, "geometry": { "type": "MultiPoint", "coordinates": [ [ 37.689431263, 55.735237473 ] ] } },
{ "type": "Feature", "properties": { "Категория": "Дневной стационар", "Полное_наименование": "Государственное бюджетное учреждение здравоохранения города Москвы «Городская поликлиника № 68 Департамента здравоохранения города Москвы». Дневной стационар", "Краткое_название": "ГБУЗ ГП № 68 ДЗМ. Дневной стационар", "Адм_округ": "Центральный административный округ", "Район": "район Якиманка", "Почтовый_индекс": "119180", "Адрес": "Российская Федерация, город Москва, внутригородская территория муниципальный округ Якиманка, улица Малая Якиманка, дом 22, строение 1", "Телефон_руководителя": "(499) 238-50-79", "Общий_телефон": "(499) 238-50-79", "Факс": "(499) 238-50-79", "Email": "gp68@zdrav.mos.ru", "Сайт": null, "Режим_работы": "Понедельник: 09:00-17:00; Вторник: 09:00-17:00; Среда: 09:00-17:00; Четверг: 09:00-17:00; Пятница: 09:00-17:00; Суббота: выходной; Воскресенье: выходной", "Уточнение_режима": "", "Руководитель": "Кузенкова Наталья Николаевна", "Должность_руководителя": "главный врач", "ИНН": "7706004345", "КПП": "770601001", "ОГРН": "1037739022254", "Возрастное_ограничение": "взрослое", "Информация_по_специализации": "", "Доп_информация": "" }, "geometry": { "type": "MultiPoint", "coordinates": [ [ 37.616410695, 55.737985717 ] ] } },
{ "type": "Feature", "properties": { "Категория": "Дневной стационар", "Полное_наименование": "Государственное бюджетное учреждение здравоохранения города Москвы «Городская поликлиника № 2 филиал № 3 Департамента здравоохранения города Москвы». Дневной стационар", "Краткое_название": "ГБУЗ ГП № 2 филиал № 3 ДЗМ. Дневной стационар", "Адм_округ": "Южный административный округ", "Район": "Нагорный район", "Почтовый_индекс": "117452", "Адрес": "город Москва, Ялтинская улица, дом 10", "Телефон_руководителя": "(499) 317-00-54", "Общий_телефон": "(499) 619-49-45", "Факс": "(499) 619-49-45", "Email": "gp2@zdrav.mos.ru", "Сайт": null, "Режим_работы": "Понедельник: 08:00-14:00; Вторник: 08:00-14:00; Среда: 08:00-14:00; Четверг: 08:00-14:00; Пятница: 08:00-14:00; Суббота: выходной; Воскресенье: выходной", "Уточнение_режима": "", "Руководитель": "Шиндряева Наталья Николаевна", "Должность_руководителя": "главный врач", "ИНН": "7726316247", "КПП": "772601001", "ОГРН": "1037739730951", "Возрастное_ограничение": "взрослое", "Информация_по_специализации": "", "Доп_информация": "" }, "geometry": { "type": "MultiPoint", "coordinates": [ [ 37.609705592, 55.648446988 ] ] } },
{ "type": "Feature", "properties": { "Категория": "Дневной стационар", "Полное_наименование": "Государственное бюджетное учреждение здравоохранения города Москвы «Городская поликлиника № 66 Департамента здравоохранения города Москвы». Дневной стационар", "Краткое_название": "ГБУЗ ГП № 66 ДЗМ. Дневной стационар", "Адм_округ": "Восточный административный округ", "Район": "район Новокосино", "Почтовый_индекс": "111672", "Адрес": "Российская Федерация, город Москва, внутригородская территория муниципальный округ Новокосино, Салтыковская улица, дом 11Б", "Телефон_руководителя": "(495) 701-76-55", "Общий_телефон": "(495) 701-13-81", "Факс": "(495) 701-76-55", "Email": "gp66@zdrav.mos.ru", "Сайт": null, "Режим_работы": "Понедельник: 08:00-20:00; Вторник: 08:00-20:00; Среда: 08:00-20:00; Четверг: 08:00-20:00; Пятница: 08:00-20:00; Суббота: выходной; Воскресенье: выходной", "Уточнение_режима": "", "Руководитель": "Сиводед Олег Михайлович", "Должность_руководителя": "главный врач", "ИНН": "7720270028", "КПП": "772001001", "ОГРН": "1037720013704", "Возрастное_ограничение": "взрослое", "Информация_по_специализации": "", "Доп_информация": "" }, "geometry": { "type": "MultiPoint", "coordinates": [ [ 37.862348697, 55.734725656 ] ] } },
{ "type": "Feature", "properties": { "Категория": "Дневной стационар", "Полное_наименование": "Государственное бюджетное учреждение здравоохранения города Москвы «Детская городская поликлиника № 42 Департамента здравоохранения города Москвы». Дневной стационар", "Краткое_название": "ГБУЗ ДГП № 42 ДЗМ. Дневной стационар", "Адм_округ": "Юго-Западный административный округ", "Район": "район Ясенево", "Почтовый_индекс": "117574", "Адрес": "город Москва, Голубинская улица, дом 23, корпус 2", "Телефон_руководителя": "(499) 421-77-19", "Общий_телефон": "(499) 638-30-42", "Факс": "(495) 421-77-19", "Email": "dgp42@zdrav.mos.ru", "Сайт": null, "Режим_работы": "Понедельник: 08:30-14:00; Вторник: 08:30-14:00; Среда: 08:30-14:00; Четверг: 08:30-14:00; Пятница: 08:30-14:00; Суббота: выходной; Воскресенье: выходной", "Уточнение_режима": "", "Руководитель": "Морозова Ольга Викторовна", "Должность_руководителя": "исполняющий обязанности главного врача", "ИНН": "7728296691", "КПП": "772801001", "ОГРН": "1037728041482", "Возрастное_ограничение": "детское", "Информация_по_специализации": "", "Доп_информация": "" }, "geometry": { "type": "MultiPoint", "coordinates": [ [ 37.532552334, 55.59938227 ] ] } },
{ "type": "Feature", "properties": { "Категория": "Дневной стационар", "Полное_наименование": "Государственное бюджетное учреждение здравоохранения города Москвы «Детская городская поликлиника № 148 филиал № 2 Департамента здравоохранения города Москвы». Дневной стационар", "Краткое_название": "ГБУЗ ДГП № 148 филиал № 2 ДЗМ. Дневной стационар", "Адм_округ": "Юго-Восточный административный округ", "Район": "район Марьино", "Почтовый_индекс": "109469", "Адрес": "Российская Федерация, город Москва, внутригородская территория муниципальный округ Марьино, Перервинский бульвар, дом 18, корпус 1", "Телефон_руководителя": "(495) 654-99-44", "Общий_телефон": "(495) 347-87-70", "Факс": "(495) 654-99-44", "Email": "dgp148@zdrav.mos.ru", "Сайт": null, "Режим_работы": "Понедельник: 08:00-16:00; Вторник: 08:00-16:00; Среда: 08:00-16:00; Четверг: 08:00-16:00; Пятница: 08:00-16:00; Суббота: выходной; Воскресенье: выходной", "Уточнение_режима": "", "Руководитель": "Притыко Денис Андреевич", "Должность_руководителя": "главный врач", "ИНН": "7723348843", "КПП": "772301001", "ОГРН": "1037723043445", "Возрастное_ограничение": "детское", "Информация_по_специализации": "", "Доп_информация": "" }, "geometry": { "type": "MultiPoint", "coordinates": [ [ 37.768938134, 55.654479215 ] ] } },
{ "type": "Feature", "properties": { "Категория": "Дневной стационар", "Полное_наименование": "Государственное бюджетное учреждение здравоохранения города Москвы «Психоневрологический диспансер № 13 филиал Психиатрической клинической больницы № 1 имени Н. А. Алексеева Департамента здравоохранения города Москвы». Дневной стационар", "Краткое_название": "ГБУЗ ПНД № 13 филиал ПКБ № 1 им. Н. А. Алексеева ДЗМ. Дневной стационар", "Адм_округ": "Юго-Западный административный округ", "Район": "район Черёмушки", "Почтовый_индекс": "117418", "Адрес": "Российская Федерация, город Москва, внутригородская территория муниципальный округ Черемушки, Зюзинская улица, дом 1", "Телефон_руководителя": "(495) 952-87-90", "Общий_телефон": "(499) 120-05-62", "Факс": "(499) 125-72-95", "Email": "pkb1@zdrav.mos.ru", "Сайт": null, "Режим_работы": "Понедельник: 09:00-16:30; Вторник: 09:00-16:30; Среда: 09:00-16:30; Четверг: 09:00-16:30; Пятница: 09:00-16:30; Суббота: выходной; Воскресенье: выходной", "Уточнение_режима": "", "Руководитель": "Костюк Георгий Петрович", "Должность_руководителя": "главный врач", "ИНН": "7726050389", "КПП": "772601001", "ОГРН": "1037726005514", "Возрастное_ограничение": "взрослое", "Информация_по_специализации": "", "Доп_информация": "" }, "geometry": { "type": "MultiPoint", "coordinates": [ [ 37.578586461, 55.666891406 ] ] } },
{ "type": "Feature", "properties": { "Категория": "Дневной стационар", "Полное_наименование": "Государственное бюджетное учреждение здравоохранения города Москвы «Консультативно-диагностическая поликлиника № 121 филиал № 3 Департамента здравоохранения города Москвы». Дневной стационар", "Краткое_название": "ГБУЗ КДП № 121 филиал № 3 ДЗМ. Дневной стационар", "Адм_округ": "Юго-Западный административный округ", "Район": "район Южное Бутово", "Почтовый_индекс": "117623", "Адрес": "Российская Федерация, город Москва, внутригородская территория муниципальный округ Южное Бутово, 2-я Мелитопольская улица, дом 13", "Телефон_руководителя": "(495) 715-79-54", "Общий_телефон": "(495) 712-63-62", "Факс": "(495) 712-63-62", "Email": "kdp121@zdrav.mos.ru", "Сайт": null, "Режим_работы": "Понедельник: 08:00-20:00; Вторник: 08:00-20:00; Среда: 08:00-20:00; Четверг: 08:00-20:00; Пятница: 08:00-20:00; Суббота: выходной; Воскресенье: выходной", "Уточнение_режима": "", "Руководитель": "Сметанина Светлана Васильевна", "Должность_руководителя": "главный врач", "ИНН": "7727196623", "КПП": "772701001", "ОГРН": "1037727020517", "Возрастное_ограничение": "взрослое", "Информация_по_специализации": "", "Доп_информация": "" }, "geometry": { "type": "MultiPoint", "coordinates": [ [ 37.577188385, 55.537037994 ] ] } },
{ "type": "Feature", "properties": { "Категория": "Дневной стационар", "Полное_наименование": "Государственное бюджетное учреждение здравоохранения города Москвы «Диагностический центр № 5 с поликлиническим отделением Департамента здравоохранения города Москвы». Дневной стационар", "Краткое_название": "ГБУЗ ДЦ № 5 ДЗМ. Дневной стационар", "Адм_округ": "Северо-Восточный административный округ", "Район": "район Лианозово", "Почтовый_индекс": "127572", "Адрес": "Российская Федерация, город Москва, внутригородская территория муниципальный округ Лианозово, Абрамцевская улица, дом 16, строение 1", "Телефон_руководителя": "(499) 200-12-65", "Общий_телефон": "(499) 200-12-83", "Факс": "(499) 200-12-65", "Email": "dc5@zdrav.mos.ru", "Сайт": null, "Режим_работы": "Понедельник: 08:00-14:00; Вторник: 08:00-14:00; Среда: 08:00-14:00; Четверг: 08:00-14:00; Пятница: 08:00-14:00; Суббота: выходной; Воскресенье: выходной", "Уточнение_режима": "", "Руководитель": "Гуляев Павел Владимирович", "Должность_руководителя": "главный врач", "ИНН": "7715065224", "КПП": "771501001", "ОГРН": "1027700333605", "Возрастное_ограничение": "взрослое", "Информация_по_специализации": "", "Доп_информация": "" }, "geometry": { "type": "MultiPoint", "coordinates": [ [ 37.574843683, 55.901793785 ] ] } },
{ "type": "Feature", "properties": { "Категория": "Дневной стационар", "Полное_наименование": "Государственное бюджетное учреждение здравоохранения города Москвы «Диагностический центр № 3 Департамента здравоохранения города Москвы». Дневной стационар", "Краткое_название": "ГБУЗ ДЦ № 3 ДЗМ. Дневной стационар", "Адм_округ": "Юго-Восточный административный округ", "Район": "район Выхино-Жулебино", "Почтовый_индекс": "109444", "Адрес": "Российская Федерация, город Москва, внутригородская территория муниципальный округ Выхино-Жулебино, Сормовская улица, дом 9", "Телефон_руководителя": "(495) 919-11-75", "Общий_телефон": "(495) 919-11-75", "Факс": "(495) 919-11-76", "Email": "dc3@zdrav.mos.ru", "Сайт": null, "Режим_работы": "Понедельник: 08:30-16:00; Вторник: 08:30-16:00; Среда: 08:30-16:00; Четверг: 08:30-16:00; Пятница: 08:30-16:00; Суббота: выходной; Воскресенье: выходной", "Уточнение_режима": "", "Руководитель": "Лаврова Лилия Петровна", "Должность_руководителя": "главный врач", "ИНН": "7721033735", "КПП": "772101001", "ОГРН": "1027739269910", "Возрастное_ограничение": "взрослое", "Информация_по_специализации": "", "Доп_информация": "" }, "geometry": { "type": "MultiPoint", "coordinates": [ [ 37.811997089, 55.709052864 ] ] } },
{ "type": "Feature", "properties": { "Категория": "Дневной стационар", "Полное_наименование": "Государственное бюджетное учреждение здравоохранения города Москвы «Городская поликлиника № 180 филиал № 1 Департамента здравоохранения города Москвы». Дневной стационар", "Краткое_название": "ГБУЗ ГП № 180 филиал № 1 ДЗМ. Дневной стационар", "Адм_округ": "Северо-Западный административный округ", "Район": "район Строгино", "Почтовый_индекс": "123592", "Адрес": "Российская Федерация, город Москва, внутригородская территория муниципальный округ Строгино, улица Кулакова, дом 23", "Телефон_руководителя": "(495) 759-80-97", "Общий_телефон": "(495) 750-39-79", "Факс": "(495) 759-80-97", "Email": "gp180@zdrav.mos.ru", "Сайт": null, "Режим_работы": "Понедельник: 09:00-14:00; Вторник: 09:00-14:00; Среда: 09:00-14:00; Четверг: 09:00-14:00; Пятница: 09:00-14:00; Суббота: выходной; Воскресенье: выходной", "Уточнение_режима": "", "Руководитель": "Пирожкова Галина Юрьевна", "Должность_руководителя": "главный врач", "ИНН": "7733137143", "КПП": "773301001", "ОГРН": "1027733002219", "Возрастное_ограничение": "взрослое", "Информация_по_специализации": "", "Доп_информация": "" }, "geometry": { "type": "MultiPoint", "coordinates": [ [ 37.393831863, 55.803243025 ] ] } },
{ "type": "Feature", "properties": { "Категория": "Дневной стационар", "Полное_наименование": "Государственное бюджетное учреждение здравоохранения «Психиатрическая клиническая больница № 13 Департамента здравоохранения города Москвы» филиал № 2. Дневной стационар", "Краткое_название": "ГБУЗ ПКБ № 13 ДЗМ филиал № 2. Дневной стационар", "Адм_округ": "Юго-Восточный административный округ", "Район": "район Лефортово", "Почтовый_индекс": "111020", "Адрес": "Российская Федерация, город Москва, внутригородская территория муниципальный округ Лефортово, Юрьевский переулок, дом 20", "Телефон_руководителя": "(495) 350-35-80", "Общий_телефон": "(495) 360-65-25", "Факс": "(495) 360-42-23", "Email": "pb13@zdrav.mos.ru", "Сайт": null, "Режим_работы": "Понедельник: 08:00-15:50; Вторник: 08:00-15:50; Среда: 08:00-15:50; Четверг: 08:00-15:50; Пятница: 08:00-15:50; Суббота: выходной; Воскресенье: выходной", "Уточнение_режима": "", "Руководитель": "Пыжова Виктория Владимировна", "Должность_руководителя": "исполняющий обязанности главного врача", "ИНН": "7723040720", "КПП": "772301001", "ОГРН": "1027739601449", "Возрастное_ограничение": "взрослое", "Информация_по_специализации": "", "Доп_информация": "" }, "geometry": { "type": "MultiPoint", "coordinates": [ [ 37.717780008, 55.764247624 ] ] } },
{ "type": "Feature", "properties": { "Категория": "Дневной стационар", "Полное_наименование": "Государственное бюджетное учреждение здравоохранения города Москвы «Детская городская поликлиника № 132 филиал № 1 Департамента здравоохранения города Москвы». Дневной стационар", "Краткое_название": "ГБУЗ ДГП № 132 филиал № 1 ДЗМ. Дневной стационар", "Адм_округ": "Западный административный округ", "Район": "район Ново-Переделкино", "Почтовый_индекс": "119634", "Адрес": "Российская Федерация, город Москва, внутригородская территория муниципальный округ Ново-Переделкино, улица Скульптора Мухиной, дом 14, корпус 1", "Телефон_руководителя": "(495) 733-54-60", "Общий_телефон": "(495) 733-80-83", "Факс": "(495) 733-32-00", "Email": "dgp132@zdrav.mos.ru", "Сайт": null, "Режим_работы": "Понедельник: 09:30-18:00; Вторник: 09:30-18:00; Среда: 09:30-18:00; Четверг: 09:30-18:00; Пятница: 09:30-18:00; Суббота: выходной; Воскресенье: выходной", "Уточнение_режима": "", "Руководитель": "Кузнецова Елена Ивановна", "Должность_руководителя": "главный врач", "ИНН": "7732002136", "КПП": "772901001", "ОГРН": "1027700391850", "Возрастное_ограничение": "детское", "Информация_по_специализации": "", "Доп_информация": "" }, "geometry": { "type": "MultiPoint", "coordinates": [ [ 37.338853829, 55.639378117 ] ] } },
{ "type": "Feature", "properties": { "Категория": "Дневной стационар", "Полное_наименование": "Государственное бюджетное учреждение здравоохранения города Москвы «Городская поликлиника № 69 филиал № 1 Департамента здравоохранения города Москвы». Дневной стационар", "Краткое_название": "ГБУЗ ГП № 69 филиал № 1 ДЗМ. Дневной стационар", "Адм_округ": "Восточный административный округ", "Район": "район Новогиреево", "Почтовый_индекс": "111558", "Адрес": "Российская Федерация, город Москва, внутригородская территория муниципальный округ Новогиреево, Федеративный проспект, дом 31", "Телефон_руководителя": "(495) 304-30-15", "Общий_телефон": "(495) 302-23-84", "Факс": "(495) 302-23-84", "Email": "gp69@zdrav.mos.ru", "Сайт": null, "Режим_работы": "Понедельник: 08:00-14:00; Вторник: 08:00-14:00; Среда: 08:00-14:00; Четверг: 08:00-14:00; Пятница: 08:00-14:00; Суббота: выходной; Воскресенье: выходной", "Уточнение_режима": "", "Руководитель": "Компанец Елена Олеговна", "Должность_руководителя": "главный врач", "ИНН": "7720022032", "КПП": "772001001", "ОГРН": "1037739183349", "Возрастное_ограничение": "взрослое", "Информация_по_специализации": "", "Доп_информация": "" }, "geometry": { "type": "MultiPoint", "coordinates": [ [ 37.823468798, 55.754136018 ] ] } },
{ "type": "Feature", "properties": { "Категория": "Дневной стационар", "Полное_наименование": "Государственное бюджетное учреждение здравоохранения города Москвы «Детская городская поликлиника № 38 филиал № 2 Департамента здравоохранения города Москвы». Дневной стационар", "Краткое_название": "ГБУЗ ДГП № 38 филиал № 2 ДЗМ. Дневной стационар", "Адм_округ": "Центральный административный округ", "Район": "район Арбат", "Почтовый_индекс": "121099", "Адрес": "Российская Федерация, город Москва, внутригородская территория муниципальный округ Арбат, Проточный переулок, дом 3-5, строение 1", "Телефон_руководителя": "(499) 246-02-88", "Общий_телефон": "(499) 241-39-37", "Факс": "(499) 241-39-37", "Email": "dgp38@zdrav.mos.ru", "Сайт": null, "Режим_работы": "Понедельник: 15:00-17:00; Вторник: 12:00-14:00; Среда: 11:30-13:30; Четверг: 14:00-16:00; Пятница: 15:00-17:00; Суббота: выходной; Воскресенье: выходной", "Уточнение_режима": "", "Руководитель": "Захарова Светлана Валерьевна", "Должность_руководителя": "главный врач", "ИНН": "7704128715", "КПП": "770401001", "ОГРН": "1037739242221", "Возрастное_ограничение": "детское", "Информация_по_специализации": "", "Доп_информация": "" }, "geometry": { "type": "MultiPoint", "coordinates": [ [ 37.581235808, 55.750094769 ] ] } },
{ "type": "Feature", "properties": { "Категория": "Дневной стационар", "Полное_наименование": "Государственное бюджетное учреждение здравоохранения города Москвы «Городская поликлиника № 180 филиал № 2 Департамента здравоохранения города Москвы». Дневной стационар", "Краткое_название": "ГБУЗ ГП № 180 филиал № 2 ДЗМ. Дневной стационар", "Адм_округ": "Северо-Западный административный округ", "Район": "район Строгино", "Почтовый_индекс": "123181", "Адрес": "Российская Федерация, город Москва, внутригородская территория муниципальный округ Строгино, улица Маршала Катукова, дом 5", "Телефон_руководителя": "(495) 759-80-97", "Общий_телефон": "(495) 758-99-13", "Факс": "(495) 750-68-97", "Email": "gp180@zdrav.mos.ru", "Сайт": null, "Режим_работы": "Понедельник: 09:00-16:00; Вторник: 09:00-16:00; Среда: 09:00-16:00; Четверг: 09:00-16:00; Пятница: 09:00-16:00; Суббота: выходной; Воскресенье: выходной", "Уточнение_режима": "", "Руководитель": "Пирожкова Галина Юрьевна", "Должность_руководителя": "главный врач", "ИНН": "7733137143", "КПП": "773301001", "ОГРН": "1027733002219", "Возрастное_ограничение": "взрослое", "Информация_по_специализации": "", "Доп_информация": "" }, "geometry": { "type": "MultiPoint", "coordinates": [ [ 37.397805194, 55.812836074 ] ] } },
{ "type": "Feature", "properties": { "Категория": "Дневной стационар", "Полное_наименование": "Государственное бюджетное учреждение здравоохранения города Москвы «Московский научно-практический центр наркологии филиал № 6 Департамента здравоохранения города Москвы». Дневной стационар", "Краткое_название": "ГБУЗ МНПЦ Н филиал № 6 ДЗМ. Дневной стационар", "Адм_округ": "Южный административный округ", "Район": "Даниловский район", "Почтовый_индекс": "115280", "Адрес": "Российская Федерация, город Москва, внутригородская территория муниципальный округ Даниловский, 2-й Автозаводский проезд, дом 4, строение 1", "Телефон_руководителя": "(499) 178-35-05", "Общий_телефон": "(495) 675-24-46", "Факс": "(495) 675-45-97", "Email": "mnpcn@zdrav.mos.ru", "Сайт": null, "Режим_работы": "Понедельник: 08:00-14:00; Вторник: 14:00-20:00; Среда: 08:00-14:00; Четверг: 14:00-16:00; Пятница: 14:00-20:00; Суббота: выходной; Воскресенье: выходной", "Уточнение_режима": "", "Руководитель": "Масякин Антон Валерьевич", "Должность_руководителя": "главный врач", "ИНН": "7723356386", "КПП": "772301001", "ОГРН": "1057723005009", "Возрастное_ограничение": "взрослое", "Информация_по_специализации": "", "Доп_информация": "" }, "geometry": { "type": "MultiPoint", "coordinates": [ [ 37.65900741, 55.705685155 ] ] } },
{ "type": "Feature", "properties": { "Категория": "Дневной стационар", "Полное_наименование": "Государственное бюджетное учреждение здравоохранения города Москвы «Детская городская поликлиника № 143 Департамента здравоохранения города Москвы». Дневной стационар", "Краткое_название": "ГБУЗ ДГП № 143 ДЗМ. Дневной стационар", "Адм_округ": "Юго-Восточный административный округ", "Район": "район Выхино-Жулебино", "Почтовый_индекс": "109156", "Адрес": "Российская Федерация, город Москва, внутригородская территория муниципальный округ Выхино-Жулебино, улица Авиаконструктора Миля, дом 5, корпус 1", "Телефон_руководителя": "(495) 704-58-72", "Общий_телефон": "(495) 704-58-72", "Факс": "(495) 704-58-72", "Email": "dgp143@zdrav.mos.ru", "Сайт": null, "Режим_работы": "Понедельник: 10:00-11:00; Вторник: 13:30-14:30; Среда: 12:00-14:30; Четверг: 12:00-14:30; Пятница: 12:00-14:30; Суббота: выходной; Воскресенье: выходной", "Уточнение_режима": "", "Руководитель": "Власова Юлия Ивановна", "Должность_руководителя": "главный врач", "ИНН": "7721245017", "КПП": "772101001", "ОГРН": "1037700198205", "Возрастное_ограничение": "детское", "Информация_по_специализации": "", "Доп_информация": "" }, "geometry": { "type": "MultiPoint", "coordinates": [ [ 37.853934868, 55.687076782 ] ] } },
{ "type": "Feature", "properties": { "Категория": "Дневной стационар", "Полное_наименование": "Государственное бюджетное учреждение здравоохранения города Москвы «Городская поликлиника № 180 Департамента здравоохранения города Москвы». Дневной стационар", "Краткое_название": "ГБУЗ ГП № 180 ДЗМ. Дневной стационар", "Адм_округ": "Северо-Западный административный округ", "Район": "район Митино", "Почтовый_индекс": "125222", "Адрес": "Российская Федерация, город Москва, внутригородская территория муниципальный округ Митино, Уваровский переулок, дом 4", "Телефон_руководителя": "(495) 759-80-97", "Общий_телефон": "(495) 759-68-33", "Факс": "(495) 759-80-97", "Email": "gp180@zdrav.mos.ru", "Сайт": null, "Режим_работы": "Понедельник: 08:00-20:00; Вторник: 08:00-20:00; Среда: 08:00-20:00; Четверг: 08:00-20:00; Пятница: 08:00-20:00; Суббота: выходной; Воскресенье: выходной", "Уточнение_режима": "", "Руководитель": "Пирожкова Галина Юрьевна", "Должность_руководителя": "главный врач", "ИНН": "7733137143", "КПП": "773301001", "ОГРН": "1027733002219", "Возрастное_ограничение": "взрослое", "Информация_по_специализации": "", "Доп_информация": "" }, "geometry": { "type": "MultiPoint", "coordinates": [ [ 37.349189069, 55.830682587 ] ] } },
{ "type": "Feature", "properties": { "Категория": "Дневной стационар", "Полное_наименование": "Государственное бюджетное учреждение здравоохранения города Москвы «Городская поликлиника № 66 филиал № 4 Департамента здравоохранения города Москвы». Дневной стационар", "Краткое_название": "ГБУЗ ГП № 66 филиал № 4 ДЗМ. Дневной стационар", "Адм_округ": "Восточный административный округ", "Район": "район Новокосино", "Почтовый_индекс": "111672", "Адрес": "Российская Федерация, город Москва, внутригородская территория муниципальный округ Новокосино, Новокосинская улица, дом 42", "Телефон_руководителя": "(495) 701-76-55", "Общий_телефон": "(495) 702-32-26", "Факс": "(495) 702-32-31", "Email": "gp66@zdrav.mos.ru", "Сайт": null, "Режим_работы": "Понедельник: 09:00-14:00; Вторник: 09:00-14:00; Среда: 09:00-14:00; Четверг: 09:00-14:00; Пятница: 09:00-14:00; Суббота: выходной; Воскресенье: выходной", "Уточнение_режима": "", "Руководитель": "Сиводед Олег Михайлович", "Должность_руководителя": "главный врач", "ИНН": "7720270028", "КПП": "772001001", "ОГРН": "1037720013704", "Возрастное_ограничение": "взрослое", "Информация_по_специализации": "", "Доп_информация": "" }, "geometry": { "type": "MultiPoint", "coordinates": [ [ 37.875021679, 55.742635672 ] ] } },
{ "type": "Feature", "properties": { "Категория": "Дневной стационар", "Полное_наименование": "Государственное бюджетное учреждение здравоохранения города Москвы «Филиал Московского городского научно-практического центра борьбы с туберкулезом по Северо-Западному административному округу Департамента здравоохранения города Москвы». Дневной стационар", "Краткое_название": "ГБУЗ филиал по СЗАО МНПЦ БсТ ДЗМ. Дневной стационар", "Адм_округ": "Северо-Западный административный округ", "Район": "район Щукино", "Почтовый_индекс": "123182", "Адрес": "Российская Федерация, город Москва, внутригородская территория муниципальный округ Щукино, Щукинская улица, дом 38, строение 1", "Телефон_руководителя": "(499) 268-00-05", "Общий_телефон": "(499) 193-74-11", "Факс": "(499) 720-41-85", "Email": "cbt@zdrav.mos.ru", "Сайт": null, "Режим_работы": "Понедельник: 09:00-16:00; Вторник: 09:00-16:00; Среда: 09:00-16:00; Четверг: 09:00-16:00; Пятница: 09:00-16:00; Суббота: выходной; Воскресенье: выходной", "Уточнение_режима": "", "Руководитель": "Одинцов Виталий Евгеньевич", "Должность_руководителя": "исполняющий обязанности директора", "ИНН": "7718115064", "КПП": "771801001", "ОГРН": "1027739705685", "Возрастное_ограничение": "взрослое", "Информация_по_специализации": "", "Доп_информация": "" }, "geometry": { "type": "MultiPoint", "coordinates": [ [ 37.468893864, 55.809341507 ] ] } },
{ "type": "Feature", "properties": { "Категория": "Дневной стационар", "Полное_наименование": "Государственное бюджетное учреждение здравоохранения города Москвы «Городская поликлиника № 6 филиал № 3 Департамента здравоохранения города Москвы». Дневной стационар", "Краткое_название": "ГБУЗ ГП № 6 филиал № 3 ДЗМ. Дневной стационар", "Адм_округ": "Северный административный округ", "Район": "район Коптево", "Почтовый_индекс": "125008", "Адрес": "город Москва, 3-й Новомихалковский проезд, дом 3А, строение 1", "Телефон_руководителя": "(495) 611-27-29", "Общий_телефон": "(499) 154-45-55", "Факс": "(499) 153-71-01", "Email": "gp6@zdrav.mos.ru", "Сайт": null, "Режим_работы": "Понедельник: 09:00-19:00; Вторник: 09:00-19:00; Среда: 09:00-19:00; Четверг: 09:00-19:00; Пятница: 09:00-19:00; Суббота: выходной; Воскресенье: выходной", "Уточнение_режима": "", "Руководитель": "Кокарева Инга Викторовна", "Должность_руководителя": "главный врач", "ИНН": "7713004459", "КПП": "771301001", "ОГРН": "1027700335167", "Возрастное_ограничение": "взрослое", "Информация_по_специализации": "", "Доп_информация": "" }, "geometry": { "type": "MultiPoint", "coordinates": [ [ 37.542422878, 55.839667691 ] ] } },
{ "type": "Feature", "properties": { "Категория": "Дневной стационар", "Полное_наименование": "Государственное бюджетное учреждение здравоохранения города Москвы «Городская поликлиника № 219 филиал № 4 Департамента здравоохранения города Москвы». Дневной стационар", "Краткое_название": "ГБУЗ ГП № 219 филиал № 4 ДЗМ. Дневной стационар", "Адм_округ": "Северо-Западный административный округ", "Район": "район Куркино", "Почтовый_индекс": "125466", "Адрес": "Российская Федерация, город Москва, внутригородская территория муниципальный округ Куркино, Родионовская улица, дом 10, корпус 2", "Телефон_руководителя": "(495) 948-25-00", "Общий_телефон": "(499) 401-70-35", "Факс": "(499) 401-70-40", "Email": "gp219@zdrav.mos.ru", "Сайт": null, "Режим_работы": "Понедельник: 08:00-19:30; Вторник: 08:00-19:30; Среда: 08:00-19:30; Четверг: 08:00-19:30; Пятница: 08:00-19:30; Суббота: выходной; Воскресенье: выходной", "Уточнение_режима": "", "Руководитель": "Мамонтова Ольга Андреевна", "Должность_руководителя": "главный врач", "ИНН": "7733167540", "КПП": "773301001", "ОГРН": "1037733029641", "Возрастное_ограничение": "взрослое", "Информация_по_специализации": "", "Доп_информация": "" }, "geometry": { "type": "MultiPoint", "coordinates": [ [ 37.391256048, 55.894142606 ] ] } },
{ "type": "Feature", "properties": { "Категория": "Дневной стационар", "Полное_наименование": "Государственное бюджетное учреждение здравоохранения города Москвы «Консультативно-диагностическая поликлиника № 121 филиал № 5 Департамента здравоохранения города Москвы». Дневной стационар", "Краткое_название": "ГБУЗ КДП № 121 филиал № 5 ДЗМ. Дневной стационар", "Адм_округ": "Новомосковский административный округ", "Район": "район Щербинка", "Почтовый_индекс": "117623", "Адрес": "Российская Федерация, город Москва, внутригородская территория муниципальный округ Щербинка, улица Брусилова, дом 15, корпус 2", "Телефон_руководителя": "(495) 715-79-54", "Общий_телефон": "(499) 234-00-10", "Факс": "(499) 234-00-10", "Email": "kdp121@zdrav.mos.ru", "Сайт": null, "Режим_работы": "Понедельник: 08:00-16:00; Вторник: 08:00-16:00; Среда: 08:00-16:00; Четверг: 08:00-16:00; Пятница: 08:00-16:00; Суббота: выходной; Воскресенье: выходной", "Уточнение_режима": "", "Руководитель": "Сметанина Светлана Васильевна", "Должность_руководителя": "главный врач", "ИНН": "7727196623", "КПП": "772701001", "ОГРН": "1037727020517", "Возрастное_ограничение": "взрослое", "Информация_по_специализации": "", "Доп_информация": "" }, "geometry": { "type": "MultiPoint", "coordinates": [ [ 37.581522298, 55.503035763 ] ] } },
{ "type": "Feature", "properties": { "Категория": "Дневной стационар", "Полное_наименование": "Государственное бюджетное учреждение здравоохранения города Москвы «Городская поликлиника № 195 Департамента здравоохранения города Москвы». Дневной стационар", "Краткое_название": "ГБУЗ ГП № 195 ДЗМ. Дневной стационар", "Адм_округ": "Западный административный округ", "Район": "район Крылатское", "Почтовый_индекс": "121614", "Адрес": "Российская Федерация, город Москва, внутригородская территория муниципальный округ Крылатское, улица Крылатские Холмы, дом 51", "Телефон_руководителя": "(495) 413-25-24", "Общий_телефон": "(495) 413-43-25", "Факс": "(495) 413-25-24", "Email": "gp195@zdrav.mos.ru", "Сайт": null, "Режим_работы": "Понедельник: 08:00-20:00; Вторник: 08:00-20:00; Среда: 08:00-20:00; Четверг: 08:00-20:00; Пятница: 08:00-20:00; Суббота: выходной; Воскресенье: выходной", "Уточнение_режима": "", "Руководитель": "Лазарева Светлана Ильтезяревна", "Должность_руководителя": "главный врач", "ИНН": "7731063560", "КПП": "773101001", "ОГРН": "1027739614660", "Возрастное_ограничение": "взрослое", "Информация_по_специализации": "", "Доп_информация": "" }, "geometry": { "type": "MultiPoint", "coordinates": [ [ 37.412016709, 55.763763168 ] ] } },
{ "type": "Feature", "properties": { "Категория": "Дневной стационар", "Полное_наименование": "Государственное бюджетное учреждение здравоохранения города Москвы «Городская поликлиника № 46 филиал № 2 Департамента здравоохранения города Москвы». Дневной стационар", "Краткое_название": "ГБУЗ ГП № 46 филиал № 2 ДЗМ. Дневной стационар", "Адм_округ": "Центральный административный округ", "Район": "Таганский район", "Почтовый_индекс": "109316", "Адрес": "город Москва, Иерусалимская улица, дом 4, строение 1", "Телефон_руководителя": "(499) 267-63-20", "Общий_телефон": "(495) 676-38-46", "Факс": "(495) 676-41-33", "Email": "gp46@zdrav.mos.ru", "Сайт": null, "Режим_работы": "Понедельник: 08:00-16:00; Вторник: 08:00-16:00; Среда: 08:00-16:00; Четверг: 08:00-16:00; Пятница: 08:00-16:00; Суббота: выходной; Воскресенье: выходной", "Уточнение_режима": "", "Руководитель": "Капто Оксана Владимировна", "Должность_руководителя": "главный врач", "ИНН": "7701107820", "КПП": "770901001", "ОГРН": "1037739491129", "Возрастное_ограничение": "взрослое", "Информация_по_специализации": "", "Доп_информация": "" }, "geometry": { "type": "MultiPoint", "coordinates": [ [ 37.676124819, 55.732971009 ] ] } },
{ "type": "Feature", "properties": { "Категория": "Дневной стационар", "Полное_наименование": "Государственное бюджетное учреждение здравоохранения города Москвы «Городская поликлиника № 62 филиал № 1 Департамента здравоохранения города Москвы». Дневной стационар", "Краткое_название": "ГБУЗ ГП № 62 филиал № 1 ДЗМ. Дневной стационар", "Адм_округ": "Северный административный округ", "Район": "район Сокол", "Почтовый_индекс": "125057", "Адрес": "Российская Федерация, город Москва, внутригородская территория муниципальный округ Сокол, Чапаевский переулок, дом 4", "Телефон_руководителя": "(499) 155-97-57", "Общий_телефон": "(499) 157-23-23", "Факс": "(499) 157-12-58", "Email": "gp62@zdrav.mos.ru", "Сайт": null, "Режим_работы": "Понедельник: 09:00-14:00; Вторник: 09:00-14:00; Среда: 09:00-14:00; Четверг: 09:00-14:00; Пятница: 09:00-14:00; Суббота: выходной; Воскресенье: выходной", "Уточнение_режима": "", "Руководитель": "Матвеева Анна Дмитриевна", "Должность_руководителя": "главный врач", "ИНН": "7714035675", "КПП": "771401001", "ОГРН": "1027739904390", "Возрастное_ограничение": "взрослое", "Информация_по_специализации": "", "Доп_информация": "" }, "geometry": { "type": "MultiPoint", "coordinates": [ [ 37.519485512, 55.801704781 ] ] } },
{ "type": "Feature", "properties": { "Категория": "Дневной стационар", "Полное_наименование": "Государственное бюджетное учреждение здравоохранения города Москвы «Городская поликлиника № 212 филиал № 70 Департамента здравоохранения города Москвы». Дневной стационар", "Краткое_название": "ГБУЗ ГП № 212 филиал № 70 ДЗМ. Дневной стационар", "Адм_округ": "Западный административный округ", "Район": "район Ново-Переделкино", "Почтовый_индекс": "119634", "Адрес": "город Москва, улица Скульптора Мухиной, дом 14", "Телефон_руководителя": "(495) 934-23-55", "Общий_телефон": "(495) 733-55-56", "Факс": "(495) 733-82-78", "Email": "gp212@zdrav.mos.ru", "Сайт": null, "Режим_работы": "Понедельник: 09:00-14:00; Вторник: 09:00-14:00; Среда: 09:00-14:00; Четверг: 09:00-14:00; Пятница: 09:00-14:00; Суббота: выходной; Воскресенье: выходной", "Уточнение_режима": "", "Руководитель": "Смирнов Андрей Павлович", "Должность_руководителя": "главный врач", "ИНН": "7732016040", "КПП": "772901001", "ОГРН": "1027739029339", "Возрастное_ограничение": "взрослое", "Информация_по_специализации": "", "Доп_информация": "" }, "geometry": { "type": "MultiPoint", "coordinates": [ [ 37.340181585, 55.63888171 ] ] } },
{ "type": "Feature", "properties": { "Категория": "Дневной стационар", "Полное_наименование": "Государственное бюджетное учреждение здравоохранения города Москвы «Городская поликлиника № 52 филиал № 3 Департамента здравоохранения города Москвы». Дневной стационар", "Краткое_название": "ГБУЗ ГП № 52 филиал № 3 ДЗМ. Дневной стационар", "Адм_округ": "Южный административный округ", "Район": "район Бирюлёво Восточное", "Почтовый_индекс": "115372", "Адрес": "Российская Федерация, город Москва, внутригородская территория муниципальный округ Бирюлево Восточное, Лебедянская улица, дом 10", "Телефон_руководителя": "(495) 383-37-50", "Общий_телефон": "(495) 329-87-55", "Факс": "(495) 328-92-57", "Email": "gp52@zdrav.mos.ru", "Сайт": null, "Режим_работы": "Понедельник: 12:00-14:00; Вторник: 12:00-14:00; Среда: 12:00-14:00; Четверг: 12:00-14:00; Пятница: 12:00-14:00; Суббота: выходной; Воскресенье: выходной", "Уточнение_режима": "", "Руководитель": "Балашов Дмитрий Владимирович", "Должность_руководителя": "главный врач", "ИНН": "7724750113", "КПП": "772401001", "ОГРН": "1107746463681", "Возрастное_ограничение": "взрослое", "Информация_по_специализации": "", "Доп_информация": "" }, "geometry": { "type": "MultiPoint", "coordinates": [ [ 37.669243711, 55.586231063 ] ] } },
{ "type": "Feature", "properties": { "Категория": "Дневной стационар", "Полное_наименование": "Государственное бюджетное учреждение здравоохранения города Москвы «Городская поликлиника № 209 филиал № 3 Департамента здравоохранения города Москвы». Дневной стационар", "Краткое_название": "ГБУЗ ГП № 209 филиал № 3 ДЗМ. Дневной стационар", "Адм_округ": "Западный административный округ", "Район": "район Очаково-Матвеевское", "Почтовый_индекс": "119501", "Адрес": "Российская Федерация, город Москва, внутригородская территория муниципальный округ Очаково-Матвеевское, Веерная улица, дом 34", "Телефон_руководителя": "(495) 931-60-00", "Общий_телефон": "(495) 737-75-70", "Факс": "(495) 441-74-56", "Email": "gp209@zdrav.mos.ru", "Сайт": null, "Режим_работы": "Понедельник: 10:00-16:00; Вторник: 10:00-16:00; Среда: 10:00-16:00; Четверг: 10:00-16:00; Пятница: 10:00-16:00; Суббота: выходной; Воскресенье: выходной", "Уточнение_режима": "", "Руководитель": "Борисов Алексей Геннадьевич", "Должность_руководителя": "главный врач", "ИНН": "7729198714", "КПП": "772901001", "ОГРН": "1027739588502", "Возрастное_ограничение": "взрослое", "Информация_по_специализации": "", "Доп_информация": "" }, "geometry": { "type": "MultiPoint", "coordinates": [ [ 37.478531259, 55.712421795 ] ] } },
{ "type": "Feature", "properties": { "Категория": "Дневной стационар", "Полное_наименование": "Государственное бюджетное учреждение здравоохранения города Москвы «Детская городская поликлиника № 150 Департамента здравоохранения города Москвы». Дневной стационар", "Краткое_название": "ГБУЗ ДГП № 150 ДЗМ. Дневной стационар", "Адм_округ": "Юго-Восточный административный округ", "Район": "район Марьино", "Почтовый_индекс": "109341", "Адрес": "Российская Федерация, город Москва, внутригородская территория муниципальный округ Марьино, Братиславская улица, дом 1", "Телефон_руководителя": "(495) 658-41-59", "Общий_телефон": "(495) 658-42-27", "Факс": "(495) 658-42-27", "Email": "dgp150@zdrav.mos.ru", "Сайт": null, "Режим_работы": "Понедельник: 08:30-19:00; Вторник: 08:30-19:00; Среда: 08:30-19:00; Четверг: 08:30-19:00; Пятница: 08:30-19:00; Суббота: выходной; Воскресенье: выходной", "Уточнение_режима": "", "Руководитель": "Ключникова Ирина Викторовна", "Должность_руководителя": "главный врач", "ИНН": "7723514226", "КПП": "772301001", "ОГРН": "1047796413268", "Возрастное_ограничение": "взрослое", "Информация_по_специализации": "", "Доп_информация": "" }, "geometry": { "type": "MultiPoint", "coordinates": [ [ 37.75332095, 55.666030797 ] ] } },
{ "type": "Feature", "properties": { "Категория": "Дневной стационар", "Полное_наименование": "Государственное бюджетное учреждение здравоохранения города Москвы «Консультативно диагностическая поликлиника № 121 филиал № 6 Департамента здравоохранения города Москвы». Дневной стационар", "Краткое_название": "ГБУЗ КДП № 121 филиал № 6 ДЗМ. Дневной стационар", "Адм_округ": "Юго-Западный административный округ", "Район": "район Южное Бутово", "Почтовый_индекс": "117042", "Адрес": "Российская Федерация, город Москва, внутригородская территория муниципальный округ Южное Бутово, улица Академика Семёнова, дом 13, корпус 1", "Телефон_руководителя": "(495) 715-79-54", "Общий_телефон": "(495) 715-78-18", "Факс": "(495) 715-37-01", "Email": "kdp121@zdrav.mos.ru", "Сайт": null, "Режим_работы": "Понедельник: 08:00-18:00; Вторник: 08:00-18:00; Среда: 08:00-18:00; Четверг: 08:00-18:00; Пятница: 08:00-18:00; Суббота: выходной; Воскресенье: выходной", "Уточнение_режима": "", "Руководитель": "Сметанина Светлана Васильевна", "Должность_руководителя": "главный врач", "ИНН": "7727196623", "КПП": "772701001", "ОГРН": "1037727020517", "Возрастное_ограничение": "взрослое", "Информация_по_специализации": "", "Доп_информация": "" }, "geometry": { "type": "MultiPoint", "coordinates": [ [ 37.507078303, 55.541152367 ] ] } },
{ "type": "Feature", "properties": { "Категория": "Дневной стационар", "Полное_наименование": "Государственное бюджетное учреждение здравоохранения города Москвы «Диагностический центр № 3 филиал № 2 Департамента здравоохранения города Москвы». Дневной стационар", "Краткое_название": "ГБУЗ ДЦ № 3 филиал № 2 ДЗМ. Дневной стационар", "Адм_округ": "Юго-Восточный административный округ", "Район": "район Лефортово", "Почтовый_индекс": "111020", "Адрес": "Российская Федерация, город Москва, внутригородская территория муниципальный округ Лефортово, Юрьевский переулок, дом 13", "Телефон_руководителя": "(495) 919-11-75", "Общий_телефон": "(495) 360-67-68", "Факс": "(495) 360-67-68", "Email": "dc3@zdrav.mos.ru", "Сайт": null, "Режим_работы": "Понедельник: 08:00-14:00; Вторник: 08:00-14:00; Среда: 08:00-14:00; Четверг: 08:00-14:00; Пятница: 08:00-14:00; Суббота: выходной; Воскресенье: выходной", "Уточнение_режима": "", "Руководитель": "Лаврова Лилия Петровна", "Должность_руководителя": "главный врач", "ИНН": "7721033735", "КПП": "772101001", "ОГРН": "1027739269910", "Возрастное_ограничение": "взрослое", "Информация_по_специализации": "", "Доп_информация": "" }, "geometry": { "type": "MultiPoint", "coordinates": [ [ 37.718636475, 55.765349589 ] ] } },
{ "type": "Feature", "properties": { "Категория": "Дневной стационар", "Полное_наименование": "Государственное бюджетное учреждение здравоохранения города Москвы «Поликлиника «Кузнечики» Департамента здравоохранения города Москвы». Дневной стационар", "Краткое_название": "ГБУЗ Поликлиника «Кузнечики» ДЗМ. Дневной стационар", "Адм_округ": "Троицкий административный округ", "Район": "Краснопахорский район", "Почтовый_индекс": "108833", "Адрес": "Российская Федерация, город Москва, внутригородская территория муниципальный округ Краснопахорский, посёлок Шишкин Лес, дом 32, строение 1", "Телефон_руководителя": "(495) 212-14-80", "Общий_телефон": "(495) 120-65-48", "Факс": "(495) 212-14-80", "Email": "bk@zdrav.mos.ru", "Сайт": null, "Режим_работы": "Понедельник: 08:00-20:00; Вторник: 08:00-20:00; Среда: 08:00-20:00; Четверг: 08:00-20:00; Пятница: 08:00-20:00; Суббота: 08:00-20:00; Воскресенье: 08:00-20:00", "Уточнение_режима": "", "Руководитель": "Карпович Александр Викторович", "Должность_руководителя": "главный врач", "ИНН": "5074014078", "КПП": "775101001", "ОГРН": "1035011454741", "Возрастное_ограничение": "", "Информация_по_специализации": "", "Доп_информация": "" }, "geometry": { "type": "MultiPoint", "coordinates": [ [ 37.182524757, 55.412989287 ] ] } },
{ "type": "Feature", "properties": { "Категория": "Дневной стационар", "Полное_наименование": "Государственное бюджетное учреждение здравоохранения города Москвы «Диагностический центр № 3 филиал № 1 Департамента здравоохранения города Москвы». Дневной стационар", "Краткое_название": "ГБУЗ ДЦ № 3 филиал № 1 ДЗМ. Дневной стационар", "Адм_округ": "Юго-Восточный административный округ", "Район": "Рязанский район", "Почтовый_индекс": "109428", "Адрес": "Российская Федерация, город Москва, внутригородская территория муниципальный округ Рязанский, улица Михайлова, дом 33", "Телефон_руководителя": "(495) 919-11-75", "Общий_телефон": "(499) 171-19-61", "Факс": "(499) 171-19-61", "Email": "dc3@zdrav.mos.ru", "Сайт": null, "Режим_работы": "Понедельник: 08:30-16:00; Вторник: 08:30-16:00; Среда: 08:30-16:00; Четверг: 08:30-16:00; Пятница: 08:30-16:00; Суббота: выходной; Воскресенье: выходной", "Уточнение_режима": "", "Руководитель": "Лаврова Лилия Петровна", "Должность_руководителя": "главный врач", "ИНН": "7721033735", "КПП": "772101001", "ОГРН": "1027739269910", "Возрастное_ограничение": "взрослое", "Информация_по_специализации": "", "Доп_информация": "" }, "geometry": { "type": "MultiPoint", "coordinates": [ [ 37.776641007, 55.72509686 ] ] } },
{ "type": "Feature", "properties": { "Категория": "Дневной стационар", "Полное_наименование": "Государственное бюджетное учреждение здравоохранения города Москвы «Консультативно-диагностическая поликлиника № 121 Департамента здравоохранения города Москвы». Дневной стационар", "Краткое_название": "ГБУЗ КДП № 121 ДЗМ. Дневной стационар", "Адм_округ": "Юго-Западный административный округ", "Район": "район Южное Бутово", "Почтовый_индекс": "117042", "Адрес": "Российская Федерация, город Москва, внутригородская территория муниципальный округ Южное Бутово, Южнобутовская улица, дом 87", "Телефон_руководителя": "(495) 715-79-54", "Общий_телефон": "(495) 715-23-72", "Факс": "(495) 715-12-12", "Email": "kdp121@zdrav.mos.ru", "Сайт": null, "Режим_работы": "Понедельник: 08:00-20:00; Вторник: 08:00-20:00; Среда: 08:00-20:00; Четверг: 08:00-20:00; Пятница: 08:00-20:00; Суббота: выходной; Воскресенье: выходной", "Уточнение_режима": "", "Руководитель": "Сметанина Светлана Васильевна", "Должность_руководителя": "главный врач", "ИНН": "7727196623", "КПП": "772701001", "ОГРН": "1037727020517", "Возрастное_ограничение": "взрослое", "Информация_по_специализации": "", "Доп_информация": "" }, "geometry": { "type": "MultiPoint", "coordinates": [ [ 37.523836936, 55.534675014 ] ] } },
{ "type": "Feature", "properties": { "Категория": "Дневной стационар", "Полное_наименование": "Государственное бюджетное учреждение здравоохранения города Москвы «Консультативно-диагностическая поликлиника № 121 филиал № 1 Департамента здравоохранения города Москвы». Дневной стационар", "Краткое_название": "ГБУЗ КДП № 121 филиал № 1 ДЗМ. Дневной стационар", "Адм_округ": "Юго-Западный административный округ", "Район": "район Южное Бутово", "Почтовый_индекс": "117042", "Адрес": "город Москва, Плавский проезд, дом 3", "Телефон_руководителя": "(495) 715-79-54", "Общий_телефон": "(495) 793-05-45", "Факс": "(499) 793-05-63", "Email": "kdp121@zdrav.mos.ru", "Сайт": null, "Режим_работы": "Понедельник: 08:00-16:00; Вторник: 08:00-16:00; Среда: 08:00-16:00; Четверг: 08:00-16:00; Пятница: 08:00-16:00; Суббота: выходной; Воскресенье: выходной", "Уточнение_режима": "", "Руководитель": "Сметанина Светлана Васильевна", "Должность_руководителя": "главный врач", "ИНН": "7727196623", "КПП": "772701001", "ОГРН": "1037727020517", "Возрастное_ограничение": "взрослое", "Информация_по_специализации": "", "Доп_информация": "" }, "geometry": { "type": "MultiPoint", "coordinates": [ [ 37.534688133, 55.549024787 ] ] } },
{ "type": "Feature", "properties": { "Категория": "Дневной стационар", "Полное_наименование": "Государственное бюджетное учреждение здравоохранения города Москвы «Городская поликлиника № 5 Департамента здравоохранения города Москвы». Дневной стационар", "Краткое_название": "ГБУЗ ГП № 5 ДЗМ. Дневной стационар", "Адм_округ": "Центральный административный округ", "Район": "Красносельский район", "Почтовый_индекс": "107045", "Адрес": "Российская Федерация, город Москва, внутригородская территория муниципальный округ Красносельский, Даев переулок, дом 3, строение 1", "Телефон_руководителя": "(495) 608-16-80", "Общий_телефон": "(495) 607-90-02", "Факс": "(495) 608-16-81", "Email": "gp5@zdrav.mos.ru", "Сайт": null, "Режим_работы": "Понедельник: 08:00-15:30; Вторник: 08:00-15:30; Среда: 08:00-15:30; Четверг: 08:00-15:30; Пятница: 08:00-15:30; Суббота: выходной; Воскресенье: выходной", "Уточнение_режима": "", "Руководитель": "Самышина Елена Александровна", "Должность_руководителя": "главный врач", "ИНН": "7708004929", "КПП": "770801001", "ОГРН": "1037739698611", "Возрастное_ограничение": "взрослое", "Информация_по_специализации": "", "Доп_информация": "" }, "geometry": { "type": "MultiPoint", "coordinates": [ [ 37.634141148, 55.770743455 ] ] } },
{ "type": "Feature", "properties": { "Категория": "Дневной стационар", "Полное_наименование": "Государственное бюджетное учреждение здравоохранения города Москвы «Городская поликлиника № 52 Департамента здравоохранения города Москвы». Дневной стационар", "Краткое_название": "ГБУЗ ГП № 52 ДЗМ. Дневной стационар", "Адм_округ": "Южный административный округ", "Район": "район Бирюлёво Западное", "Почтовый_индекс": "117546", "Адрес": "Российская Федерация, город Москва, внутригородская территория муниципальный округ Бирюлево Западное, Медынская улица, дом 7, корпус 1", "Телефон_руководителя": "(495) 383-37-50", "Общий_телефон": "(499) 383-64-98", "Факс": "(495) 383-40-52", "Email": "gp52@zdrav.mos.ru", "Сайт": null, "Режим_работы": "Понедельник: 08:00-15:00; Вторник: 08:00-15:00; Среда: 08:00-15:00; Четверг: 08:00-15:00; Пятница: 08:00-15:00; Суббота: выходной; Воскресенье: выходной", "Уточнение_режима": "", "Руководитель": "Балашов Дмитрий Владимирович", "Должность_руководителя": "главный врач", "ИНН": "7724750113", "КПП": "772401001", "ОГРН": "1107746463681", "Возрастное_ограничение": "взрослое", "Информация_по_специализации": "", "Доп_информация": "" }, "geometry": { "type": "MultiPoint", "coordinates": [ [ 37.649139065, 55.584562856 ] ] } },
{ "type": "Feature", "properties": { "Категория": "Дневной стационар", "Полное_наименование": "Государственное бюджетное учреждение здравоохранения города Москвы «Клинико-диагностический центр № 4 Департамента здравоохранения города Москвы». Дневной стационар", "Краткое_название": "ГБУЗ КДЦ № 4 ДЗМ. Дневной стационар", "Адм_округ": "Западный административный округ", "Район": "район Крылатское", "Почтовый_индекс": "121609", "Адрес": "Российская Федерация, город Москва, внутригородская территория муниципальный округ Крылатское, улица Крылатские Холмы, дом 3", "Телефон_руководителя": "(495) 413-17-64", "Общий_телефон": "(495) 413-95-14", "Факс": "(495) 413-73-63", "Email": "kdc4@zdrav.mos.ru", "Сайт": null, "Режим_работы": "Понедельник: 08:00-20:00; Вторник: 08:00-20:00; Среда: 08:00-20:00; Четверг: 08:00-20:00; Пятница: 08:00-20:00; Суббота: 09:00-14:00; Воскресенье: выходной", "Уточнение_режима": "", "Руководитель": "Кечина Ольга Владимировна", "Должность_руководителя": "главный врач", "ИНН": "7731062728", "КПП": "773101001", "ОГРН": "1027739302326", "Возрастное_ограничение": "взрослое", "Информация_по_специализации": "", "Доп_информация": "" }, "geometry": { "type": "MultiPoint", "coordinates": [ [ 37.424326852, 55.7478828 ] ] } },
{ "type": "Feature", "properties": { "Категория": "Дневной стационар", "Полное_наименование": "Государственное бюджетное учреждение здравоохранения города Москвы «Консультативно-диагностическая поликлиника № 121 филиал № 2 Департамента здравоохранения города Москвы». Дневной стационар", "Краткое_название": "ГБУЗ КДП № 121 филиал № 2 ДЗМ. Дневной стационар", "Адм_округ": "Юго-Западный административный округ", "Район": "район Южное Бутово", "Почтовый_индекс": "117624", "Адрес": "Российская Федерация, город Москва, внутригородская территория муниципальный округ Южное Бутово, Венёвская улица, дом 27", "Телефон_руководителя": "(495) 715-79-54", "Общий_телефон": "(495) 716-67-63", "Факс": "(495) 716-68-81", "Email": "kdp121@zdrav.mos.ru", "Сайт": null, "Режим_работы": "Понедельник: 08:00-15:40; Вторник: 12:00-20:00; Среда: 08:00-15:40; Четверг: 12:00-20:00; Пятница: 08:00-15:40; Суббота: выходной; Воскресенье: выходной", "Уточнение_режима": "", "Руководитель": "Сметанина Светлана Васильевна", "Должность_руководителя": "главный врач", "ИНН": "7727196623", "КПП": "772701001", "ОГРН": "1037727020517", "Возрастное_ограничение": "взрослое", "Информация_по_специализации": "", "Доп_информация": "" }, "geometry": { "type": "MultiPoint", "coordinates": [ [ 37.553151186, 55.542354153 ] ] } },
{ "type": "Feature", "properties": { "Категория": "Дневной стационар", "Полное_наименование": "Государственное бюджетное учреждение здравоохранения города Москвы «Городская поликлиника № 109 Департамента здравоохранения города Москвы». Дневной стационар", "Краткое_название": "ГБУЗ ГП № 109 ДЗМ. Дневной стационар", "Адм_округ": "Юго-Восточный административный округ", "Район": "район Печатники", "Почтовый_индекс": "109548", "Адрес": "Российская Федерация, город Москва, внутригородская территория муниципальный округ Печатники, улица Гурьянова, дом 4, корпус 3", "Телефон_руководителя": "(499) 786-13-35", "Общий_телефон": "(499) 786-13-35", "Факс": "(499) 786-13-35", "Email": "gp109@zdrav.mos.ru", "Сайт": null, "Режим_работы": "Понедельник: 08:00-20:00; Вторник: 08:00-20:00; Среда: 08:00-20:00; Четверг: 08:00-20:00; Пятница: 08:00-20:00; Суббота: выходной; Воскресенье: выходной", "Уточнение_режима": "", "Руководитель": "Ефимова Анна Алексеевна", "Должность_руководителя": "главный врач", "ИНН": "7723811412", "КПП": "772301001", "ОГРН": "1117746711180", "Возрастное_ограничение": "взрослое", "Информация_по_специализации": "", "Доп_информация": "" }, "geometry": { "type": "MultiPoint", "coordinates": [ [ 37.719891541, 55.691903568 ] ] } },
{ "type": "Feature", "properties": { "Категория": "Дневной стационар", "Полное_наименование": "Государственное бюджетное учреждение здравоохранения города Москвы «Детская городская поликлиника № 118 филиал № 3 Департамента здравоохранения города Москвы». Дневной стационар", "Краткое_название": "ГБУЗ ДГП № 118 филиал № 3 ДЗМ. Дневной стационар", "Адм_округ": "Новомосковский административный округ", "Район": "район Щербинка", "Почтовый_индекс": "117623", "Адрес": "Российская Федерация, город Москва, внутригородская территория муниципальный округ Щербинка, улица Брусилова, дом 17, корпус 1", "Телефон_руководителя": "(495) 711-63-36", "Общий_телефон": "(499) 234-03-40", "Факс": "(499) 234-00-43", "Email": "dgp118@zdrav.mos.ru", "Сайт": null, "Режим_работы": "Понедельник: 08:30-15:00; Вторник: 08:30-15:00; Среда: 08:30-15:00; Четверг: 08:30-15:00; Пятница: 08:30-15:00; Суббота: выходной; Воскресенье: выходной", "Уточнение_режима": "", "Руководитель": "Волкова Елена Анатольевна", "Должность_руководителя": "главный врач", "ИНН": "7727267994", "КПП": "772701001", "ОГРН": "1047727004665", "Возрастное_ограничение": "детское", "Информация_по_специализации": "", "Доп_информация": "" }, "geometry": { "type": "MultiPoint", "coordinates": [ [ 37.583457631, 55.502836542 ] ] } },
{ "type": "Feature", "properties": { "Категория": "Дневной стационар", "Полное_наименование": "Государственное бюджетное учреждение здравоохранения города Москвы «Городская поликлиника № 220 филиал № 1 Департамента здравоохранения города Москвы». Дневной стационар", "Краткое_название": "ГБУЗ ГП № 220 филиал № 1 ДЗМ. Дневной стационар", "Адм_округ": "Центральный административный округ", "Район": "Пресненский район", "Почтовый_индекс": "123317", "Адрес": "Российская Федерация, город Москва, внутригородская территория муниципальный округ Пресненский, Шмитовский проезд, дом 25, строение 1", "Телефон_руководителя": "(499) 255-19-37", "Общий_телефон": "(495) 256-24-00", "Факс": "(499) 256-61-39", "Email": "gp220@zdrav.mos.ru", "Сайт": null, "Режим_работы": "Понедельник: 08:00-15:30; Вторник: 08:00-15:30; Среда: 08:00-15:30; Четверг: 08:00-15:30; Пятница: 08:00-15:30; Суббота: выходной; Воскресенье: выходной", "Уточнение_режима": "", "Руководитель": "Тяжельников Андрей Александрович", "Должность_руководителя": "главный врач", "ИНН": "7703173546", "КПП": "770301001", "ОГРН": "1037700202022", "Возрастное_ограничение": "взрослое", "Информация_по_специализации": "", "Доп_информация": "" }, "geometry": { "type": "MultiPoint", "coordinates": [ [ 37.542939909, 55.75625382 ] ] } },
{ "type": "Feature", "properties": { "Категория": "Дневной стационар", "Полное_наименование": "Государственное бюджетное учреждение здравоохранения города Москвы «Городская поликлиника № 8 филиал № 1 Департамента здравоохранения города Москвы». Дневной стационар", "Краткое_название": "ГБУЗ ГП № 8 филиал № 1 ДЗМ. Дневной стационар", "Адм_округ": "Западный административный округ", "Район": "район Проспект Вернадского", "Почтовый_индекс": "119454", "Адрес": "Российская Федерация, город Москва, внутригородская территория муниципальный округ Проспект Вернадского, проспект Вернадского, дом 30", "Телефон_руководителя": "(495) 437-45-65", "Общий_телефон": "(499) 431-19-85", "Факс": "(499) 431-19-86; (499) 431-19-85", "Email": "gp8@zdrav.mos.ru", "Сайт": null, "Режим_работы": "Понедельник: 08:00-15:40; Вторник: 08:00-15:40; Среда: 08:00-15:40; Четверг: 08:00-15:40; Пятница: 08:00-15:40; Суббота: выходной; Воскресенье: выходной", "Уточнение_режима": "", "Руководитель": "Одарюк Оксана Анатольевна", "Должность_руководителя": "главный врач", "ИНН": "7729279321", "КПП": "772901001", "ОГРН": "1037739410928", "Возрастное_ограничение": "взрослое", "Информация_по_специализации": "", "Доп_информация": "" }, "geometry": { "type": "MultiPoint", "coordinates": [ [ 37.499226931, 55.676119008 ] ] } },
{ "type": "Feature", "properties": { "Категория": "Дневной стационар", "Полное_наименование": "Государственное бюджетное учреждение здравоохранения города Москвы «Городская поликлиника № 52 филиал № 1 Департамента здравоохранения города Москвы». Дневной стационар", "Краткое_название": "ГБУЗ ГП № 52 филиал № 1 ДЗМ. Дневной стационар", "Адм_округ": "Южный административный округ", "Район": "район Бирюлёво Восточное", "Почтовый_индекс": "115404", "Адрес": "город Москва, Ряжская улица, дом 13", "Телефон_руководителя": "(495) 383-37-50", "Общий_телефон": "(495) 326-01-66", "Факс": "(495) 326-01-06", "Email": "gp52@zdrav.mos.ru", "Сайт": null, "Режим_работы": "Понедельник: 08:30-14:30; Вторник: 08:30-14:30; Среда: 08:30-14:30; Четверг: 08:30-14:30; Пятница: 08:30-14:30; Суббота: выходной; Воскресенье: выходной", "Уточнение_режима": "", "Руководитель": "Балашов Дмитрий Владимирович", "Должность_руководителя": "главный врач", "ИНН": "7724750113", "КПП": "772401001", "ОГРН": "1107746463681", "Возрастное_ограничение": "взрослое", "Информация_по_специализации": "", "Доп_информация": "" }, "geometry": { "type": "MultiPoint", "coordinates": [ [ 37.668595856, 55.590481106 ] ] } },
{ "type": "Feature", "properties": { "Категория": "Дневной стационар", "Полное_наименование": "Государственное бюджетное учреждение здравоохранения города Москвы «Городская поликлиника № 191 Департамента здравоохранения города Москвы». Дневной стационар", "Краткое_название": "ГБУЗ ГП № 191 ДЗМ. Дневной стационар", "Адм_округ": "Восточный административный округ", "Район": "район Гольяново", "Почтовый_индекс": "107065", "Адрес": "Российская Федерация, город Москва, внутригородская территория муниципальный округ Гольяново, Алтайская улица, дом 13", "Телефон_руководителя": "(495) 460-36-34", "Общий_телефон": "(495) 460-01-01", "Факс": "(495) 460-36-34", "Email": "gp191@zdrav.mos.ru", "Сайт": null, "Режим_работы": "Понедельник: 08:00-16:00; Вторник: 08:00-16:00; Среда: 08:00-16:00; Четверг: 08:00-16:00; Пятница: 08:00-16:00; Суббота: выходной; Воскресенье: выходной", "Уточнение_режима": "", "Руководитель": "Соколова Мария Валерьяновна", "Должность_руководителя": "главный врач", "ИНН": "7718110852", "КПП": "771801001", "ОГРН": "1027739887526", "Возрастное_ограничение": "взрослое", "Информация_по_специализации": "", "Доп_информация": "" }, "geometry": { "type": "MultiPoint", "coordinates": [ [ 37.818005741, 55.820690654 ] ] } },
{ "type": "Feature", "properties": { "Категория": "Дневной стационар", "Полное_наименование": "Государственное бюджетное учреждение здравоохранения города Москвы «Детская городская поликлиника № 91 Департамента здравоохранения город Москвы». Дневной стационар", "Краткое_название": "ГБУЗ ДГП № 91 ДЗМ. Дневной стационар", "Адм_округ": "Южный административный округ", "Район": "район Нагатино-Садовники", "Почтовый_индекс": "115446", "Адрес": "Российская Федерация, город Москва, внутригородская территория муниципальный округ Нагатино-Садовники, улица Академика Миллионщикова, дом 22", "Телефон_руководителя": "(499) 612-03-20", "Общий_телефон": "(499) 612-01-94", "Факс": "(499) 612-94-50", "Email": "dgp91@zdrav.mos.ru", "Сайт": null, "Режим_работы": "Понедельник: 08:30-16:00; Вторник: 08:30-16:00; Среда: 08:30-16:00; Четверг: 08:30-16:00; Пятница: 08:30-16:00; Суббота: выходной; Воскресенье: выходной", "Уточнение_режима": "", "Руководитель": "Околот Наталья Владимировна", "Должность_руководителя": "главный врач", "ИНН": "7724216776", "КПП": "772401001", "ОГРН": "1037739361110", "Возрастное_ограничение": "детское", "Информация_по_специализации": "", "Доп_информация": "" }, "geometry": { "type": "MultiPoint", "coordinates": [ [ 37.644730463, 55.663747442 ] ] } },
{ "type": "Feature", "properties": { "Категория": "Дневной стационар", "Полное_наименование": "Государственное бюджетное учреждение здравоохранения города Москвы «Городская поликлиника № 23 филиал № 2 Департамента здравоохранения города Москвы». Дневной стационар", "Краткое_название": "ГБУЗ ГП № 23 филиал № 2 ДЗМ. Дневной стационар", "Адм_округ": "Юго-Восточный административный округ", "Район": "район Выхино-Жулебино", "Почтовый_индекс": "109472", "Адрес": "Российская Федерация, город Москва, внутригородская территория муниципальный округ Выхино-Жулебино, Ташкентская улица, дом 25, корпус 2, строение 1", "Телефон_руководителя": "(499) 796-05-17", "Общий_телефон": "(495) 367-09-33", "Факс": "(495) 376-02-00", "Email": "gp23@zdrav.mos.ru", "Сайт": null, "Режим_работы": "Понедельник: 08:00-14:00; Вторник: 08:00-14:00; Среда: 08:00-14:00; Четверг: 08:00-14:00; Пятница: 08:00-14:00; Суббота: выходной; Воскресенье: выходной", "Уточнение_режима": "", "Руководитель": "Гордина Ольга Андреевна", "Должность_руководителя": "главный врач", "ИНН": "7721244510", "КПП": "772101001", "ОГРН": "1027739093293", "Возрастное_ограничение": "взрослое", "Информация_по_специализации": "", "Доп_информация": "" }, "geometry": { "type": "MultiPoint", "coordinates": [ [ 37.810170877, 55.699372364 ] ] } },
{ "type": "Feature", "properties": { "Категория": "Дневной стационар", "Полное_наименование": "Государственное бюджетное учреждение здравоохранения города Москвы «Городская поликлиника № 46 филиал № 3 Департамента здравоохранения города Москвы». Дневной стационар", "Краткое_название": "ГБУЗ ГП № 46 филиал № 3 ДЗМ. Дневной стационар", "Адм_округ": "Центральный административный округ", "Район": "Таганский район", "Почтовый_индекс": "109044", "Адрес": "Российская Федерация, город Москва, внутригородская территория муниципальный округ Таганский, Воронцовская улица, дом 14, строение 1", "Телефон_руководителя": "(499) 267-63-20", "Общий_телефон": "(495) 911-38-72", "Факс": "(495) 911-21-67", "Email": "gp46@zdrav.mos.ru", "Сайт": null, "Режим_работы": "Понедельник: 08:00-15:00; Вторник: 08:00-15:00; Среда: 08:00-15:00; Четверг: 08:00-15:00; Пятница: 08:00-15:00; Суббота: выходной; Воскресенье: выходной", "Уточнение_режима": "", "Руководитель": "Капто Оксана Владимировна", "Должность_руководителя": "главный врач", "ИНН": "7701107820", "КПП": "770901001", "ОГРН": "1037739491129", "Возрастное_ограничение": "взрослое", "Информация_по_специализации": "", "Доп_информация": "" }, "geometry": { "type": "MultiPoint", "coordinates": [ [ 37.65691929, 55.737965335 ] ] } },
{ "type": "Feature", "properties": { "Категория": "Дневной стационар", "Полное_наименование": "Государственное казенное учреждение здравоохранения города Москвы «Психоневрологический диспансер № 23 филиал Психиатрической клинической больницы № 1 имени Н. А. Алексеева Департамента здравоохранения города Москвы». Дневной стационар", "Краткое_название": "ГКУЗ ПНД № 23 филиал ПКБ № 1 им. Н. А. Алексеева ДЗМ. Дневной стационар", "Адм_округ": "Центральный административный округ", "Район": "район Хамовники", "Почтовый_индекс": "119146", "Адрес": "Российская Федерация, город Москва, внутригородская территория муниципальный округ Хамовники, Фрунзенская набережная, дом 24", "Телефон_руководителя": "(495) 952-87-90", "Общий_телефон": "(499) 766-86-23", "Факс": "(499) 242-47-35", "Email": "pkb1@zdrav.mos.ru", "Сайт": null, "Режим_работы": "Понедельник: 08:00-16:30; Вторник: 08:00-16:30; Среда: 08:00-16:30; Четверг: 08:00-16:30; Пятница: 08:00-16:30; Суббота: выходной; Воскресенье: выходной", "Уточнение_режима": "", "Руководитель": "Костюк Георгий Петрович", "Должность_руководителя": "главный врач", "ИНН": "7726050389", "КПП": "772601001", "ОГРН": "1037726005514", "Возрастное_ограничение": "взрослое", "Информация_по_специализации": "", "Доп_информация": "" }, "geometry": { "type": "MultiPoint", "coordinates": [ [ 37.587281469, 55.725577274 ] ] } },
{ "type": "Feature", "properties": { "Категория": "Дневной стационар", "Полное_наименование": "Государственное бюджетное учреждение здравоохранения города Москвы «Детская городская поликлиника № 94 Департамента здравоохранения города Москвы». Дневной стационар", "Краткое_название": "ГБУЗ ДГП № 94 ДЗМ. Дневной стационар", "Адм_округ": "Северо-Западный административный округ", "Район": "район Покровское-Стрешнево", "Почтовый_индекс": "125362", "Адрес": "Российская Федерация, город Москва, внутригородская территория муниципальный округ Покровское-Стрешнево, Вишнёвая улица, дом 20, корпус 2", "Телефон_руководителя": "(495) 491-41-46", "Общий_телефон": "(495) 491-18-51", "Факс": "(495) 491-45-51", "Email": "dgp94@zdrav.mos.ru", "Сайт": null, "Режим_работы": "Понедельник: 09:00-15:00; Вторник: 09:00-15:00; Среда: 09:00-15:00; Четверг: 09:00-15:00; Пятница: 09:00-15:00; Суббота: выходной; Воскресенье: выходной", "Уточнение_режима": "", "Руководитель": "Аристархова Елена Анатольевна", "Должность_руководителя": "исполняющий обязанности главного врача", "ИНН": "7733159267", "КПП": "773301001", "ОГРН": "1037733018223", "Возрастное_ограничение": "детское", "Информация_по_специализации": "", "Доп_информация": "" }, "geometry": { "type": "MultiPoint", "coordinates": [ [ 37.449597526, 55.83352577 ] ] } },
{ "type": "Feature", "properties": { "Категория": "Дневной стационар", "Полное_наименование": "Государственное бюджетное учреждение здравоохранения города Москвы «Городская поликлиника № 134 Департамента здравоохранения города Москвы». Дневной стационар", "Краткое_название": "ГБУЗ ГП № 134 ДЗМ. Дневной стационар", "Адм_округ": "Юго-Западный административный округ", "Район": "район Ясенево", "Почтовый_индекс": "117574", "Адрес": "Российская Федерация, город Москва, внутригородская территория муниципальный округ Ясенево, Новоясеневский проспект, дом 24, корпус 2", "Телефон_руководителя": "(495) 422-11-11", "Общий_телефон": "(495) 422-01-56", "Факс": "(495) 422-11-11; (495) 422-11-12", "Email": "gp134@zdrav.mos.ru", "Сайт": null, "Режим_работы": "Понедельник: 08:00-14:00; Вторник: 08:00-14:00; Среда: 08:00-14:00; Четверг: 08:00-14:00; Пятница: 08:00-14:00; Суббота: выходной; Воскресенье: выходной", "Уточнение_режима": "", "Руководитель": "Кичкина Ольга Вячеславовна", "Должность_руководителя": "исполняющий обязанности главного врача", "ИНН": "7728288161", "КПП": "772801001", "ОГРН": "1037728024465", "Возрастное_ограничение": "взрослое", "Информация_по_специализации": "", "Доп_информация": "" }, "geometry": { "type": "MultiPoint", "coordinates": [ [ 37.529724021, 55.605145942 ] ] } },
{ "type": "Feature", "properties": { "Категория": "Дневной стационар", "Полное_наименование": "Государственное бюджетное учреждение здравоохранения города Москвы «Городская поликлиника № 170 филиал № 1 Департамента здравоохранения города Москвы». Дневной стационар", "Краткое_название": "ГБУЗ ГП № 170 филиал № 1 ДЗМ. Дневной стационар", "Адм_округ": "Южный административный округ", "Район": "район Чертаново Южное", "Почтовый_индекс": "117534", "Адрес": "город Москва, Чертановская улица, дом 62, корпус 1", "Телефон_руководителя": "(495) 381-99-34", "Общий_телефон": "(495) 386-34-64", "Факс": "(495) 386-34-64", "Email": "gp170-f1@zdrav.mos.ru", "Сайт": null, "Режим_работы": "Понедельник: 14:00-19:00; Вторник: 14:00-19:00; Среда: 14:00-19:00; Четверг: 14:00-19:00; Пятница: 14:00-19:00; Суббота: выходной; Воскресенье: выходной", "Уточнение_режима": "", "Руководитель": "Полунина Ирина Станиславовна", "Должность_руководителя": "главный врач", "ИНН": "7726318396", "КПП": "772601001", "ОГРН": "1037700171508", "Возрастное_ограничение": "взрослое", "Информация_по_специализации": "", "Доп_информация": "" }, "geometry": { "type": "MultiPoint", "coordinates": [ [ 37.587428005, 55.599277613 ] ] } },
{ "type": "Feature", "properties": { "Категория": "Дневной стационар", "Полное_наименование": "Государственное бюджетное учреждение здравоохранения города Москвы «Городская поликлиника № 69 Департамента здравоохранения города Москвы». Дневной стационар", "Краткое_название": "ГБУЗ ГП № 69 ДЗМ. Дневной стационар", "Адм_округ": "Восточный административный округ", "Район": "район Перово", "Почтовый_индекс": "111401", "Адрес": "Российская Федерация, город Москва, внутригородская территория муниципальный округ Перово, 2-я Владимирская улица, дом 31А", "Телефон_руководителя": "(495) 304-30-15", "Общий_телефон": "(495) 305-51-67", "Факс": "(495) 305-51-67", "Email": "gp69@zdrav.mos.ru", "Сайт": null, "Режим_работы": "Понедельник: 09:00-15:00; Вторник: 09:00-15:00; Среда: 09:00-15:00; Четверг: 09:00-15:00; Пятница: 09:00-15:00; Суббота: выходной; Воскресенье: выходной", "Уточнение_режима": "", "Руководитель": "Компанец Елена Олеговна", "Должность_руководителя": "главный врач", "ИНН": "7720022032", "КПП": "772001001", "ОГРН": "1037739183349", "Возрастное_ограничение": "взрослое", "Информация_по_специализации": "", "Доп_информация": "" }, "geometry": { "type": "MultiPoint", "coordinates": [ [ 37.785218604, 55.75511163 ] ] } },
{ "type": "Feature", "properties": { "Категория": "Дневной стационар", "Полное_наименование": "Государственное бюджетное учреждение здравоохранения города Москвы «Городская поликлиника № 46 филиал № 1 Департамента здравоохранения города Москвы». Дневной стационар", "Краткое_название": "ГБУЗ ГП № 46 филиал № 1 ДЗМ. Дневной стационар", "Адм_округ": "Центральный административный округ", "Район": "Басманный район", "Почтовый_индекс": "105005", "Адрес": "Российская Федерация, город Москва, внутригородская территория муниципальный округ Басманный, улица Казакова, дом 17А", "Телефон_руководителя": "(499) 267-63-20", "Общий_телефон": "(495) 678-74-01", "Факс": "(495) 678-74-01", "Email": "gp46@zdrav.mos.ru", "Сайт": null, "Режим_работы": "Понедельник: 08:00-16:00; Вторник: 08:00-16:00; Среда: 08:00-16:00; Четверг: 08:00-16:00; Пятница: 08:00-16:00; Суббота: выходной; Воскресенье: выходной", "Уточнение_режима": "", "Руководитель": "Капто Оксана Владимировна", "Должность_руководителя": "главный врач", "ИНН": "7701107820", "КПП": "770901001", "ОГРН": "1037739491129", "Возрастное_ограничение": "взрослое", "Информация_по_специализации": "", "Доп_информация": "" }, "geometry": { "type": "MultiPoint", "coordinates": [ [ 37.666504207, 55.763761969 ] ] } },
{ "type": "Feature", "properties": { "Категория": "Дневной стационар", "Полное_наименование": "Государственное бюджетное учреждение здравоохранения города Москвы «Детская городская поликлиника № 129 филиал № 2 Департамента здравоохранения города Москвы». Дневной стационар", "Краткое_название": "ГБУЗ ДГП № 129 филиал № 2 ДЗМ. Дневной стационар", "Адм_округ": "Южный административный округ", "Район": "район Чертаново Северное", "Почтовый_индекс": "117208", "Адрес": "Российская Федерация, город Москва, внутригородская территория муниципальный округ Чертаново Северное, Чертановская улица, дом 14А", "Телефон_руководителя": "(495) 315-07-33", "Общий_телефон": "(495) 311-53-85", "Факс": "(495) 311-73-54", "Email": "dgp129@zdrav.mos.ru", "Сайт": null, "Режим_работы": "Понедельник: 09:00-16:00; Вторник: 09:00-16:00; Среда: 14:00-19:00; Четверг: 09:00-16:00; Пятница: 12:00-18:00; Суббота: выходной; Воскресенье: выходной", "Уточнение_режима": "", "Руководитель": "Бучнева Наталья Николаевна", "Должность_руководителя": "главный врач", "ИНН": "7726318501", "КПП": "772601001", "ОГРН": "1037726008110", "Возрастное_ограничение": "детское", "Информация_по_специализации": "", "Доп_информация": "" }, "geometry": { "type": "MultiPoint", "coordinates": [ [ 37.597122949, 55.629154101 ] ] } },
{ "type": "Feature", "properties": { "Категория": "Дневной стационар", "Полное_наименование": "Государственное бюджетное учреждение здравоохранения города Москвы «Городская поликлиника № 134 филиал № 4 Департамента здравоохранения города Москвы». Дневной стационар", "Краткое_название": "ГБУЗ ГП № 134 филиал № 4 ДЗМ. Дневной стационар", "Адм_округ": "Юго-Западный административный округ", "Район": "район Ясенево", "Почтовый_индекс": "117463", "Адрес": "Российская Федерация, город Москва, внутригородская территория муниципальный округ Ясенево, Новоясеневский проспект, дом 30, корпус 2", "Телефон_руководителя": "(495) 422-11-11", "Общий_телефон": "(495) 422-47-22", "Факс": "(499) 132-79-92", "Email": "gp134-f4@zdrav.mos.ru", "Сайт": null, "Режим_работы": "Понедельник: 08:00-20:00; Вторник: 08:00-20:00; Среда: 08:00-20:00; Четверг: 08:00-20:00; Пятница: 08:00-20:00; Суббота: выходной; Воскресенье: выходной", "Уточнение_режима": "", "Руководитель": "Кичкина Ольга Вячеславовна", "Должность_руководителя": "исполняющий обязанности главного врача", "ИНН": "7728288161", "КПП": "772801001", "ОГРН": "1037728024465", "Возрастное_ограничение": "взрослое", "Информация_по_специализации": "", "Доп_информация": "" }, "geometry": { "type": "MultiPoint", "coordinates": [ [ 37.535823104, 55.603724437 ] ] } },
{ "type": "Feature", "properties": { "Категория": "Дневной стационар", "Полное_наименование": "Государственное бюджетное учреждение здравоохранения города Москвы «Городская поликлиника № 214 Департамента здравоохранения города Москвы». Дневной стационар", "Краткое_название": "ГБУЗ ГП № 214 ДЗМ. Дневной стационар", "Адм_округ": "Южный административный округ", "Район": "район Орехово-Борисово Южное", "Почтовый_индекс": "115583", "Адрес": "Российская Федерация, город Москва, внутригородская территория муниципальный округ Орехово-Борисово Южное, Елецкая улица, дом 14", "Телефон_руководителя": "(495) 397-02-37", "Общий_телефон": "(495) 397-02-37", "Факс": "(495) 398-82-01", "Email": "gp214@zdrav.mos.ru", "Сайт": null, "Режим_работы": "Понедельник: 08:00-20:00; Вторник: 08:00-20:00; Среда: 08:00-20:00; Четверг: 08:00-20:00; Пятница: 08:00-20:00; Суббота: выходной; Воскресенье: выходной", "Уточнение_режима": "", "Руководитель": "Ошнокова Алла Арсеновна", "Должность_руководителя": "главный врач", "ИНН": "7724245600", "КПП": "772401001", "ОГРН": "1027700326906", "Возрастное_ограничение": "взрослое", "Информация_по_специализации": "", "Доп_информация": "" }, "geometry": { "type": "MultiPoint", "coordinates": [ [ 37.732226964, 55.607203327 ] ] } },
{ "type": "Feature", "properties": { "Категория": "Дневной стационар", "Полное_наименование": "Государственное бюджетное учреждение здравоохранения города Москвы «Городская поликлиника № 45 Департамента здравоохранения города Москвы». Дневной стационар", "Краткое_название": "ГБУЗ ГП № 45 ДЗМ. Дневной стационар", "Адм_округ": "Северный административный округ", "Район": "Войковский район", "Почтовый_индекс": "125171", "Адрес": "Российская Федерация, город Москва, внутригородская территория муниципальный округ Войковский, 5-й Войковский проезд, дом 12", "Телефон_руководителя": "(499) 159-63-30", "Общий_телефон": "(499) 638-30-50", "Факс": "(495) 617-17-51", "Email": "gp45@zdrav.mos.ru", "Сайт": null, "Режим_работы": "Понедельник: 08:00-20:00; Вторник: 08:00-20:00; Среда: 08:00-20:00; Четверг: 08:00-20:00; Пятница: 08:00-20:00; Суббота: выходной; Воскресенье: выходной", "Уточнение_режима": "", "Руководитель": "Сваровски Екатерина Евгеньевна", "Должность_руководителя": "главный врач", "ИНН": "7712029193", "КПП": "774301001", "ОГРН": "1037739781793", "Возрастное_ограничение": "взрослое", "Информация_по_специализации": "", "Доп_информация": "" }, "geometry": { "type": "MultiPoint", "coordinates": [ [ 37.488453051, 55.817790236 ] ] } },
{ "type": "Feature", "properties": { "Категория": "Дневной стационар", "Полное_наименование": "Государственное бюджетное учреждение здравоохранения города Москвы «Диагностический центр № 5 с поликлиническим отделением филиал № 3 Департамента здравоохранения города Москвы». Дневной стационар", "Краткое_название": "ГБУЗ ДЦ № 5 филиал № 3 ДЗМ. Дневной стационар", "Адм_округ": "Северо-Восточный административный округ", "Район": "район Бибирево", "Почтовый_индекс": "127349", "Адрес": "Российская Федерация, город Москва, внутригородская территория муниципальный округ Бибирево, Шенкурский проезд, дом 8А", "Телефон_руководителя": "(499) 200-12-65", "Общий_телефон": "(499) 206-97-11", "Факс": "(499) 206-97-88", "Email": "dc5@zdrav.mos.ru", "Сайт": null, "Режим_работы": "Понедельник: 08:00-15:00; Вторник: 08:00-15:00; Среда: 08:00-15:00; Четверг: 08:00-15:00; Пятница: 08:00-15:00; Суббота: выходной; Воскресенье: выходной", "Уточнение_режима": "", "Руководитель": "Гуляев Павел Владимирович", "Должность_руководителя": "главный врач", "ИНН": "7715065224", "КПП": "771501001", "ОГРН": "1027700333605", "Возрастное_ограничение": "взрослое", "Информация_по_специализации": "", "Доп_информация": "" }, "geometry": { "type": "MultiPoint", "coordinates": [ [ 37.592848848, 55.893476527 ] ] } },
{ "type": "Feature", "properties": { "Категория": "Дневной стационар", "Полное_наименование": "Государственное бюджетное учреждение здравоохранения города Москвы «Городская поликлиника № 66 филиал № 2 Департамента здравоохранения города Москвы». Дневной стационар", "Краткое_название": "ГБУЗ ГП № 66 филиал № 2 ДЗМ. Дневной стационар", "Адм_округ": "Восточный административный округ", "Район": "район Вешняки", "Почтовый_индекс": "111395", "Адрес": "город Москва, улица Молдагуловой, дом 10А", "Телефон_руководителя": "(495) 701-76-55", "Общий_телефон": "(499) 374-51-73", "Факс": "(499) 373-37-00", "Email": "gp66@zdrav.mos.ru", "Сайт": null, "Режим_работы": "Понедельник: 08:00-14:00; Вторник: 08:00-14:00; Среда: 08:00-14:00; Четверг: 08:00-14:00; Пятница: 08:00-14:00; Суббота: выходной; Воскресенье: выходной", "Уточнение_режима": "", "Руководитель": "Сиводед Олег Михайлович", "Должность_руководителя": "главный врач", "ИНН": "7720270028", "КПП": "772001001", "ОГРН": "1037720013704", "Возрастное_ограничение": "взрослое", "Информация_по_специализации": "", "Доп_информация": "" }, "geometry": { "type": "MultiPoint", "coordinates": [ [ 37.806866154, 55.725855167 ] ] } },
{ "type": "Feature", "properties": { "Категория": "Дневной стационар", "Полное_наименование": "Государственное бюджетное учреждение здравоохранения города Москвы «Городская поликлиника № 170 Департамента здравоохранения города Москвы». Дневной стационар", "Краткое_название": "ГБУЗ ГП № 170 ДЗМ. Дневной стационар", "Адм_округ": "Южный административный округ", "Район": "район Чертаново Южное", "Почтовый_индекс": "117545", "Адрес": "Российская Федерация, город Москва, внутригородская территория муниципальный округ Чертаново Южное, улица Подольских Курсантов, дом 2, корпус 2", "Телефон_руководителя": "(495) 381-99-34", "Общий_телефон": "(495) 381-82-78", "Факс": "(495) 381-99-34", "Email": "gp170@zdrav.mos.ru", "Сайт": null, "Режим_работы": "Понедельник: 08:00-20:00; Вторник: 08:00-20:00; Среда: 08:00-20:00; Четверг: 08:00-20:00; Пятница: 08:00-20:00; Суббота: выходной; Воскресенье: выходной", "Уточнение_режима": "", "Руководитель": "Полунина Ирина Станиславовна", "Должность_руководителя": "главный врач", "ИНН": "7726318396", "КПП": "772601001", "ОГРН": "1037700171508", "Возрастное_ограничение": "взрослое", "Информация_по_специализации": "", "Доп_информация": "" }, "geometry": { "type": "MultiPoint", "coordinates": [ [ 37.608759373, 55.606066993 ] ] } },
{ "type": "Feature", "properties": { "Категория": "Дневной стационар", "Полное_наименование": "Государственное бюджетное учреждение здравоохранения города Москвы «Городская поликлиника № 175 Департамента здравоохранения города Москвы». Дневной стационар", "Краткое_название": "ГБУЗ ГП № 175 ДЗМ. Дневной стационар", "Адм_округ": "Восточный административный округ", "Район": "район Ивановское", "Почтовый_индекс": "105568", "Адрес": "Российская Федерация, город Москва, внутригородская территория муниципальный округ Ивановское, Челябинская улица, дом 16, корпус 1", "Телефон_руководителя": "(495) 300-72-50", "Общий_телефон": "(495) 300-72-40", "Факс": "(495) 918-88-96", "Email": "gp175@zdrav.mos.ru", "Сайт": null, "Режим_работы": "Понедельник: 08:00-15:00; Вторник: 08:00-15:00; Среда: 08:00-15:00; Четверг: 08:00-15:00; Пятница: 08:00-15:00; Суббота: выходной; Воскресенье: выходной", "Уточнение_режима": "", "Руководитель": "Байтяков Виталий Иванович", "Должность_руководителя": "главный врач", "ИНН": "7719043415", "КПП": "771901001", "ОГРН": "1037719010757", "Возрастное_ограничение": "взрослое", "Информация_по_специализации": "", "Доп_информация": "" }, "geometry": { "type": "MultiPoint", "coordinates": [ [ 37.828966914, 55.776550558 ] ] } },
{ "type": "Feature", "properties": { "Категория": "Дневной стационар", "Полное_наименование": "Государственное бюджетное учреждение здравоохранения города Москвы «Детская городская поликлиника № 10 филиал № 4 Департамента здравоохранения города Москвы». Дневной стационар", "Краткое_название": "ГБУЗ ДГП № 10 филиал № 4 ДЗМ. Дневной стационар", "Адм_округ": "Юго-Западный административный округ", "Район": "район Черёмушки", "Почтовый_индекс": "119335", "Адрес": "Российская Федерация, город Москва, внутригородская территория муниципальный округ Черемушки, Профсоюзная улица, дом 52", "Телефон_руководителя": "(499) 138-03-43", "Общий_телефон": "(499) 128-28-21", "Факс": "(495) 936-36-36", "Email": "dgp10@zdrav.mos.ru", "Сайт": null, "Режим_работы": "Понедельник: 09:00-16:00; Вторник: 09:00-16:00; Среда: 09:00-16:00; Четверг: 09:00-16:00; Пятница: 09:00-16:00; Суббота: выходной; Воскресенье: выходной", "Уточнение_режима": "", "Руководитель": "Мирзоев Тахир Ханафиевич", "Должность_руководителя": "главный врач", "ИНН": "7736242019", "КПП": "773601001", "ОГРН": "1047736000025", "Возрастное_ограничение": "детское", "Информация_по_специализации": "", "Доп_информация": "" }, "geometry": { "type": "MultiPoint", "coordinates": [ [ 37.55578714, 55.672492093 ] ] } },
{ "type": "Feature", "properties": { "Категория": "Дневной стационар", "Полное_наименование": "Государственное бюджетное учреждение здравоохранения города Москвы «Поликлиника «Щербинская» Департамента здравоохранения города Москвы». Дневной стационар", "Краткое_название": "ГБУЗ Поликлиника «Щербинская» ДЗМ. Дневной стационар", "Адм_округ": "Новомосковский административный округ", "Район": "район Щербинка", "Почтовый_индекс": "108851", "Адрес": "Российская Федерация, город Москва, внутригородская территория муниципальный округ Щербинка, город Щербинка, Первомайская улица, дом 10", "Телефон_руководителя": "(495) 867-02-04", "Общий_телефон": "(495) 867-02-49", "Факс": "(495) 867-02-04", "Email": "shgb@zdrav.mos.ru", "Сайт": null, "Режим_работы": "Понедельник: 08:00-16:00; Вторник: 08:00-16:00; Среда: 08:00-16:00; Четверг: 08:00-16:00; Пятница: 08:00-16:00; Суббота: выходной; Воскресенье: выходной", "Уточнение_режима": "", "Руководитель": "Лисицина Елена Вадимовна", "Должность_руководителя": "главный врач", "ИНН": "5051002171", "КПП": "775101001", "ОГРН": "1035011454400", "Возрастное_ограничение": "", "Информация_по_специализации": "", "Доп_информация": "" }, "geometry": { "type": "MultiPoint", "coordinates": [ [ 37.571289132, 55.505047117 ] ] } },
{ "type": "Feature", "properties": { "Категория": "Дневной стационар", "Полное_наименование": "Государственное бюджетное учреждение здравоохранения города Москвы «Городская поликлиника № 12 Департамента здравоохранения города Москвы». Дневной стационар", "Краткое_название": "ГБУЗ ГП № 12 ДЗМ. Дневной стационар", "Адм_округ": "Северо-Восточный административный округ", "Район": "район Марфино", "Почтовый_индекс": "127276", "Адрес": "Российская Федерация, город Москва, внутригородская территория муниципальный округ Марфино, улица Академика Комарова, дом 5, корпус 1", "Телефон_руководителя": "(495) 619-29-25", "Общий_телефон": "(495) 619-37-52", "Факс": "(495) 619-10-91", "Email": "gp12@zdrav.mos.ru", "Сайт": null, "Режим_работы": "Понедельник: 08:00-20:00; Вторник: 08:00-20:00; Среда: 08:00-20:00; Четверг: 08:00-20:00; Пятница: 08:00-20:00; Суббота: выходной; Воскресенье: выходной", "Уточнение_режима": "", "Руководитель": "Курняева Марина Витальевна", "Должность_руководителя": "главный врач", "ИНН": "7715586996", "КПП": "771501001", "ОГРН": "1057749542047", "Возрастное_ограничение": "взрослое", "Информация_по_специализации": "", "Доп_информация": "" }, "geometry": { "type": "MultiPoint", "coordinates": [ [ 37.595238227, 55.829696683 ] ] } },
{ "type": "Feature", "properties": { "Категория": "Дневной стационар", "Полное_наименование": "Государственное бюджетное учреждение здравоохранения города Москвы «Московский научно-практический центр наркологии филиал № 7 Департамента здравоохранения города Москвы». Дневной стационар", "Краткое_название": "ГБУЗ МНПЦ Н филиал № 7 ДЗМ. Дневной стационар", "Адм_округ": "Юго-Западный административный округ", "Район": "Академический район", "Почтовый_индекс": "117449", "Адрес": "Российская Федерация, город Москва, внутригородская территория муниципальный округ Академический, улица Шверника, дом 10А", "Телефон_руководителя": "(499) 178-35-05", "Общий_телефон": "(499) 126-25-01", "Факс": "(499) 126-34-75", "Email": "mnpcn@zdrav.mos.ru", "Сайт": null, "Режим_работы": "Понедельник: 08:00-20:00; Вторник: 08:00-20:00; Среда: 08:00-20:00; Четверг: 08:00-20:00; Пятница: 08:00-20:00; Суббота: выходной; Воскресенье: выходной", "Уточнение_режима": "", "Руководитель": "Масякин Антон Валерьевич", "Должность_руководителя": "главный врач", "ИНН": "7723356386", "КПП": "772301001", "ОГРН": "1057723005009", "Возрастное_ограничение": "взрослое", "Информация_по_специализации": "", "Доп_информация": "" }, "geometry": { "type": "MultiPoint", "coordinates": [ [ 37.585274142, 55.691314216 ] ] } },
{ "type": "Feature", "properties": { "Категория": "Дневной стационар", "Полное_наименование": "Государственное бюджетное учреждение здравоохранения города Москвы «Городская поликлиника № 219 филиал № 3 Департамента здравоохранения города Москвы». Дневной стационар", "Краткое_название": "ГБУЗ ГП № 219 филиал № 3 ДЗМ. Дневной стационар", "Адм_округ": "Северо-Западный административный округ", "Район": "район Северное Тушино", "Почтовый_индекс": "125481", "Адрес": "Российская Федерация, город Москва, внутригородская территория муниципальный округ Северное Тушино, Планерная улица, дом 8", "Телефон_руководителя": "(495) 948-25-00", "Общий_телефон": "(499) 493-92-56", "Факс": "(499) 493-91-68", "Email": "gp219@zdrav.mos.ru", "Сайт": null, "Режим_работы": "Понедельник: 15:00-19:00; Вторник: 15:00-19:00; Среда: 15:00-19:00; Четверг: 15:00-19:00; Пятница: 15:00-19:00; Суббота: выходной; Воскресенье: выходной", "Уточнение_режима": "", "Руководитель": "Мамонтова Ольга Андреевна", "Должность_руководителя": "главный врач", "ИНН": "7733167540", "КПП": "773301001", "ОГРН": "1037733029641", "Возрастное_ограничение": "взрослое", "Информация_по_специализации": "", "Доп_информация": "" }, "geometry": { "type": "MultiPoint", "coordinates": [ [ 37.435853853, 55.861212304 ] ] } },
{ "type": "Feature", "properties": { "Категория": "Дневной стационар", "Полное_наименование": "Государственное бюджетное учреждение здравоохранения города Москвы «Городская поликлиника № 68 филиал № 4 Департамента здравоохранения города Москвы». Дневной стационар", "Краткое_название": "ГБУЗ ГП № 68 филиал № 4 ДЗМ. Дневной стационар", "Адм_округ": "Центральный административный округ", "Район": "район Хамовники", "Почтовый_индекс": "119034", "Адрес": "Российская Федерация, город Москва, внутригородская территория муниципальный округ Хамовники, Пречистенская набережная, дом 15, строение 2", "Телефон_руководителя": "(499) 238-50-79", "Общий_телефон": "(499) 697-10-12", "Факс": "(495) 695-22-61", "Email": "gp68@zdrav.mos.ru", "Сайт": null, "Режим_работы": "Понедельник: 08:30-16:30; Вторник: 08:30-16:30; Среда: 08:30-16:30; Четверг: 08:30-16:30; Пятница: 08:30-16:30; Суббота: выходной; Воскресенье: выходной", "Уточнение_режима": "", "Руководитель": "Кузенкова Наталья Николаевна", "Должность_руководителя": "главный врач", "ИНН": "7706004345", "КПП": "770601001", "ОГРН": "1037739022254", "Возрастное_ограничение": "взрослое", "Информация_по_специализации": "", "Доп_информация": "" }, "geometry": { "type": "MultiPoint", "coordinates": [ [ 37.605141106, 55.739325949 ] ] } },
{ "type": "Feature", "properties": { "Категория": "Дневной стационар", "Полное_наименование": "Государственное бюджетное учреждение здравоохранения города Москвы «Городская поликлиника № 36 Департамента здравоохранения города Москвы». Дневной стационар", "Краткое_название": "ГБУЗ ГП № 36 ДЗМ. Дневной стационар", "Адм_округ": "Юго-Восточный административный округ", "Район": "район Марьино", "Почтовый_индекс": "109652", "Адрес": "Российская Федерация, город Москва, внутригородская территория муниципальный округ Марьино, Новомарьинская улица, дом 10, корпус 1", "Телефон_руководителя": "(499) 722-26-34", "Общий_телефон": "(499) 722-11-83", "Факс": "(499) 722-26-34", "Email": "gp36@zdrav.mos.ru", "Сайт": null, "Режим_работы": "Понедельник: 08:00-20:00; Вторник: 08:00-20:00; Среда: 08:00-20:00; Четверг: 08:00-20:00; Пятница: 08:00-20:00; Суббота: выходной; Воскресенье: выходной", "Уточнение_режима": "", "Руководитель": "Тихоновская Елена Юрьевна", "Должность_руководителя": "главный врач", "ИНН": "7723103970", "КПП": "772301001", "ОГРН": "1027700516216", "Возрастное_ограничение": "взрослое", "Информация_по_специализации": "", "Доп_информация": "" }, "geometry": { "type": "MultiPoint", "coordinates": [ [ 37.753106841, 55.652231172 ] ] } },
{ "type": "Feature", "properties": { "Категория": "Дневной стационар", "Полное_наименование": "Государственное бюджетное учреждение здравоохранения города Москвы «Московский научно-практический центр наркологии филиал № 5 Департамента здравоохранения города Москвы». Дневной стационар", "Краткое_название": "ГБУЗ МНПЦ Н филиал № 5 ДЗМ. Дневной стационар", "Адм_округ": "Юго-Восточный административный округ", "Район": "район Кузьминки", "Почтовый_индекс": "109462", "Адрес": "Российская Федерация, город Москва, внутригородская территория муниципальный округ Кузьминки, улица Маршала Чуйкова, дом 24", "Телефон_руководителя": "(499) 178-35-05", "Общий_телефон": "(495) 178-31-94", "Факс": "(499) 178-18-45", "Email": "mnpcn@zdrav.mos.ru", "Сайт": null, "Режим_работы": "Понедельник: 08:00-14:00; Вторник: 14:00-20:00; Среда: 08:00-14:00; Четверг: 14:00-20:00; Пятница: 08:00-14:00; Суббота: выходной; Воскресенье: выходной", "Уточнение_режима": "", "Руководитель": "Масякин Антон Валерьевич", "Должность_руководителя": "главный врач", "ИНН": "7723356386", "КПП": "772301001", "ОГРН": "1057723005009", "Возрастное_ограничение": "взрослое", "Информация_по_специализации": "", "Доп_информация": "" }, "geometry": { "type": "MultiPoint", "coordinates": [ [ 37.760483362, 55.698596028 ] ] } },
{ "type": "Feature", "properties": { "Категория": "Дневной стационар", "Полное_наименование": "Государственное бюджетное учреждение здравоохранения города Москвы «Детская городская поликлиника № 10 филиал № 1 Департамента здравоохранения города Москвы». Дневной стационар", "Краткое_название": "ГБУЗ ДГП № 10 филиал № 1 ДЗМ. Дневной стационар", "Адм_округ": "Юго-Западный административный округ", "Район": "Ломоносовский район", "Почтовый_индекс": "119331", "Адрес": "Российская Федерация, город Москва, внутригородская территория муниципальный округ Ломоносовский, улица Марии Ульяновой, дом 13", "Телефон_руководителя": "(499) 138-03-43", "Общий_телефон": "(499) 132-79-09", "Факс": "(499) 132-79-92", "Email": "dgp10@zdrav.mos.ru", "Сайт": null, "Режим_работы": "Понедельник: 09:00-15:00; Вторник: 09:00-15:00; Среда: 09:00-15:00; Четверг: 09:00-15:00; Пятница: 09:00-15:00; Суббота: выходной; Воскресенье: выходной", "Уточнение_режима": "", "Руководитель": "Мирзоев Тахир Ханафиевич", "Должность_руководителя": "главный врач", "ИНН": "7736242019", "КПП": "773601001", "ОГРН": "1047736000025", "Возрастное_ограничение": "детское", "Информация_по_специализации": "", "Доп_информация": "" }, "geometry": { "type": "MultiPoint", "coordinates": [ [ 37.523415548, 55.680327536 ] ] } },
{ "type": "Feature", "properties": { "Категория": "Дневной стационар", "Полное_наименование": "Государственное бюджетное учреждение здравоохранения города Москвы «Поликлиника «Троицкая» Департамента здравоохранения города Москвы». Дневной стационар", "Краткое_название": "ГБУЗ Поликлиника «Троицкая» ДЗМ. Дневной стационар", "Адм_округ": "Троицкий административный округ", "Район": "район Троицк", "Почтовый_индекс": "108840", "Адрес": "Российская Федерация, город Москва, внутригородская территория городской округ Троицк, город Троицк, Сиреневый бульвар, дом 1", "Телефон_руководителя": "(495) 851-06-21", "Общий_телефон": "(495) 851-21-01", "Факс": "(495) 851-06-21", "Email": "tgb@zdrav.mos.ru", "Сайт": null, "Режим_работы": "Понедельник: 08:00-20:00; Вторник: 08:00-20:00; Среда: 08:00-20:00; Четверг: 08:00-20:00; Пятница: 08:00-20:00; Суббота: выходной; Воскресенье: выходной", "Уточнение_режима": "", "Руководитель": "Герасименко Жаннетта Александровна", "Должность_руководителя": "главный врач", "ИНН": "5046052353", "КПП": "775101001", "ОГРН": "1025006039101", "Возрастное_ограничение": "", "Информация_по_специализации": "", "Доп_информация": "" }, "geometry": { "type": "MultiPoint", "coordinates": [ [ 37.29625317, 55.468789914 ] ] } },
{ "type": "Feature", "properties": { "Категория": "Дневной стационар", "Полное_наименование": "Государственное бюджетное учреждение здравоохранения города Москвы «Детская городская поликлиника № 118 Департамента здравоохранения города Москвы». Дневной стационар", "Краткое_название": "ГБУЗ ДГП № 118 ДЗМ. Дневной стационар", "Адм_округ": "Юго-Западный административный округ", "Район": "район Северное Бутово", "Почтовый_индекс": "117628", "Адрес": "Российская Федерация, город Москва, внутригородская территория муниципальный округ Северное Бутово, Куликовская улица, дом 1Б", "Телефон_руководителя": "(495) 711-63-36", "Общий_телефон": "(495) 711-40-63", "Факс": "(495) 711-69-81", "Email": "dgp118@zdrav.mos.ru", "Сайт": null, "Режим_работы": "Понедельник: 08:30-15:00; Вторник: 08:30-15:00; Среда: 08:30-15:00; Четверг: 08:30-15:00; Пятница: 08:30-15:00; Суббота: выходной; Воскресенье: выходной", "Уточнение_режима": "", "Руководитель": "Волкова Елена Анатольевна", "Должность_руководителя": "главный врач", "ИНН": "7727267994", "КПП": "772701001", "ОГРН": "1047727004665", "Возрастное_ограничение": "детское", "Информация_по_специализации": "", "Доп_информация": "" }, "geometry": { "type": "MultiPoint", "coordinates": [ [ 37.56543862, 55.571697755 ] ] } },
{ "type": "Feature", "properties": { "Категория": "Дневной стационар", "Полное_наименование": "Государственное бюджетное учреждение здравоохранения города Москвы «Филиал Московского городского научно-практического центра борьбы с туберкулезом по Юго-Восточному административному округу Департамента здравоохранения города Москвы». Дневной стационар", "Краткое_название": "ГБУЗ филиал по ЮВАО МНПЦ БсТ ДЗМ. Дневной стационар", "Адм_округ": "Юго-Восточный административный округ", "Район": "район Текстильщики", "Почтовый_индекс": "109263", "Адрес": "Российская Федерация, город Москва, внутригородская территория муниципальный округ Текстильщики, 8-я улица Текстильщиков, дом 2, строение 1", "Телефон_руководителя": "(499) 268-00-05", "Общий_телефон": "(499) 179-60-10", "Факс": "(499) 178-61-55", "Email": "cbt@zdrav.mos.ru", "Сайт": null, "Режим_работы": "Понедельник: 08:30-14:00; Вторник: 08:30-14:00; Среда: 08:30-14:00; Четверг: 08:30-14:00; Пятница: 08:30-14:00; Суббота: выходной; Воскресенье: выходной", "Уточнение_режима": "", "Руководитель": "Одинцов Виталий Евгеньевич", "Должность_руководителя": "исполняющий обязанности директора", "ИНН": "7718115064", "КПП": "771801001", "ОГРН": "1027739705685", "Возрастное_ограничение": "взрослое", "Информация_по_специализации": "", "Доп_информация": "" }, "geometry": { "type": "MultiPoint", "coordinates": [ [ 37.73902423, 55.704254171 ] ] } },
{ "type": "Feature", "properties": { "Категория": "Дневной стационар", "Полное_наименование": "Государственное бюджетное учреждение здравоохранения города Москвы «Городская поликлиника № 219 филиал № 1 Департамента здравоохранения города Москвы». Дневной стационар", "Краткое_название": "ГБУЗ ГП № 219 филиал № 1 ДЗМ. Дневной стационар", "Адм_округ": "Северо-Западный административный округ", "Район": "район Северное Тушино", "Почтовый_индекс": "125480", "Адрес": "Российская Федерация, город Москва, внутригородская территория муниципальный округ Северное Тушино, улица Вилиса Лациса, дом 23, корпус 2", "Телефон_руководителя": "(495) 948-25-00", "Общий_телефон": "(495) 494-45-78", "Факс": "(495) 494-22-19", "Email": "gp219@zdrav.mos.ru", "Сайт": null, "Режим_работы": "Понедельник: 08:00-12:00; Вторник: 08:00-12:00; Среда: 08:00-12:00; Четверг: 08:00-12:00; Пятница: 08:00-12:00; Суббота: выходной; Воскресенье: выходной", "Уточнение_режима": "", "Руководитель": "Мамонтова Ольга Андреевна", "Должность_руководителя": "главный врач", "ИНН": "7733167540", "КПП": "773301001", "ОГРН": "1037733029641", "Возрастное_ограничение": "взрослое", "Информация_по_специализации": "", "Доп_информация": "" }, "geometry": { "type": "MultiPoint", "coordinates": [ [ 37.422337258, 55.862016728 ] ] } },
{ "type": "Feature", "properties": { "Категория": "Дневной стационар", "Полное_наименование": "Государственное бюджетное учреждение здравоохранения города Москвы «Городская поликлиника № 209 филиал № 2 Департамента здравоохранения города Москвы». Дневной стационар", "Краткое_название": "ГБУЗ ГП № 209 филиал № 2 ДЗМ. Дневной стационар", "Адм_округ": "Западный административный округ", "Район": "район Раменки", "Почтовый_индекс": "119330", "Адрес": "Российская Федерация, город Москва, внутригородская территория муниципальный округ Раменки, Мосфильмовская улица, дом 29А", "Телефон_руководителя": "(495) 931-60-00", "Общий_телефон": "(499) 143-34-60", "Факс": "(499) 143-34-51", "Email": "gp209@zdrav.mos.ru", "Сайт": null, "Режим_работы": "Понедельник: 10:00-17:20; Вторник: 10:00-17:20; Среда: 10:00-17:20; Четверг: 10:00-17:20; Пятница: 10:00-17:20; Суббота: выходной; Воскресенье: выходной", "Уточнение_режима": "", "Руководитель": "Борисов Алексей Геннадьевич", "Должность_руководителя": "главный врач", "ИНН": "7729198714", "КПП": "772901001", "ОГРН": "1027739588502", "Возрастное_ограничение": "взрослое", "Информация_по_специализации": "", "Доп_информация": "" }, "geometry": { "type": "MultiPoint", "coordinates": [ [ 37.51370534, 55.712124691 ] ] } },
{ "type": "Feature", "properties": { "Категория": "Дневной стационар", "Полное_наименование": "Государственное бюджетное учреждение здравоохранения города Москвы «Городская поликлиника № 66 филиал № 1 Департамента здравоохранения города Москвы». Дневной стационар", "Краткое_название": "ГБУЗ ГП № 66 филиал № 1 ДЗМ. Дневной стационар", "Адм_округ": "Восточный административный округ", "Район": "район Косино-Ухтомский", "Почтовый_индекс": "111625", "Адрес": "Российская Федерация, город Москва, внутригородская территория муниципальный округ Косино-Ухтомский, улица Руднёвка, дом 8", "Телефон_руководителя": "(495) 701-76-55", "Общий_телефон": "(499) 721-81-03", "Факс": "(495) 701-76-55", "Email": "gp66@zdrav.mos.ru", "Сайт": null, "Режим_работы": "Понедельник: 08:00-20:00; Вторник: 08:00-20:00; Среда: 08:00-20:00; Четверг: 08:00-20:00; Пятница: 08:00-20:00; Суббота: выходной; Воскресенье: выходной", "Уточнение_режима": "", "Руководитель": "Сиводед Олег Михайлович", "Должность_руководителя": "главный врач", "ИНН": "7720270028", "КПП": "772001001", "ОГРН": "1037720013704", "Возрастное_ограничение": "взрослое", "Информация_по_специализации": "", "Доп_информация": "" }, "geometry": { "type": "MultiPoint", "coordinates": [ [ 37.889928748, 55.715967261 ] ] } },
{ "type": "Feature", "properties": { "Категория": "Дневной стационар", "Полное_наименование": "Государственное бюджетное учреждение здравоохранения города Москвы «Городская поликлиника № 180 филиал № 4 Департамента здравоохранения города Москвы». Дневной стационар", "Краткое_название": "ГБУЗ ГП № 180 филиал № 4 ДЗМ. Дневной стационар", "Адм_округ": "Северо-Западный административный округ", "Район": "район Митино", "Почтовый_индекс": "125222", "Адрес": "Российская Федерация, город Москва, внутригородская территория муниципальный округ Митино, Дубравная улица, дом 41", "Телефон_руководителя": "(495) 759-80-97", "Общий_телефон": "(495) 751-21-11", "Факс": "(495) 753-31-11", "Email": "gp180@zdrav.mos.ru", "Сайт": null, "Режим_работы": "Понедельник: 08:00-16:00; Вторник: 08:00-16:00; Среда: 08:00-16:00; Четверг: 08:00-16:00; Пятница: 08:00-16:00; Суббота: выходной; Воскресенье: выходной", "Уточнение_режима": "", "Руководитель": "Пирожкова Галина Юрьевна", "Должность_руководителя": "главный врач", "ИНН": "7733137143", "КПП": "773301001", "ОГРН": "1027733002219", "Возрастное_ограничение": "взрослое", "Информация_по_специализации": "", "Доп_информация": "" }, "geometry": { "type": "MultiPoint", "coordinates": [ [ 37.356946233, 55.842257862 ] ] } },
{ "type": "Feature", "properties": { "Категория": "Дневной стационар", "Полное_наименование": "Государственное бюджетное учреждение здравоохранения города Москвы «Детская городская поликлиника № 69 филиал № 3 Департамента здравоохранения города Москвы». Дневной стационар", "Краткое_название": "ГБУЗ ДГП № 69 филиал № 3 ДЗМ. Дневной стационар", "Адм_округ": "Юго-Западный административный округ", "Район": "Академический район", "Почтовый_индекс": "117447", "Адрес": "Российская Федерация, город Москва, внутригородская территория муниципальный округ Академический, улица Винокурова, дом 14", "Телефон_руководителя": "(499) 127-46-93", "Общий_телефон": "(499) 126-33-88", "Факс": "(499) 126-38-70", "Email": "dgp69@zdrav.mos.ru", "Сайт": null, "Режим_работы": "Понедельник: 13:00-17:00; Вторник: 13:00-17:00; Среда: 13:00-17:00; Четверг: 13:00-17:00; Пятница: 13:00-17:00; Суббота: выходной; Воскресенье: выходной", "Уточнение_режима": "", "Руководитель": "Федулова Елена Юрьевна", "Должность_руководителя": "главный врач", "ИНН": "7727260438", "КПП": "772701001", "ОГРН": "1037727032166", "Возрастное_ограничение": "детское", "Информация_по_специализации": "", "Доп_информация": "" }, "geometry": { "type": "MultiPoint", "coordinates": [ [ 37.590930035, 55.68650267 ] ] } },
{ "type": "Feature", "properties": { "Категория": "Дневной стационар", "Полное_наименование": "Государственное бюджетное учреждение здравоохранения города Москвы «Городская поликлиника № 212 филиал № 197 Департамента здравоохранения города Москвы». Дневной стационар", "Краткое_название": "ГБУЗ ГП № 212 филиал № 197 ДЗМ. Дневной стационар", "Адм_округ": "Западный административный округ", "Район": "район Ново-Переделкино", "Почтовый_индекс": "119633", "Адрес": "Российская Федерация, город Москва, внутригородская территория муниципальный округ Ново-Переделкино, Новоорловская улица, дом 4", "Телефон_руководителя": "(495) 934-23-55", "Общий_телефон": "(495) 733-54-74", "Факс": "(495) 733-52-62", "Email": "gp212@zdrav.mos.ru", "Сайт": null, "Режим_работы": "Понедельник: 08:00-20:00; Вторник: 08:00-20:00; Среда: 08:00-20:00; Четверг: 08:00-20:00; Пятница: 08:00-20:00; Суббота: выходной; Воскресенье: выходной", "Уточнение_режима": "", "Руководитель": "Смирнов Андрей Павлович", "Должность_руководителя": "главный врач", "ИНН": "7732016040", "КПП": "772901001", "ОГРН": "1027739029339", "Возрастное_ограничение": "взрослое", "Информация_по_специализации": "", "Доп_информация": "" }, "geometry": { "type": "MultiPoint", "coordinates": [ [ 37.365009403, 55.638472507 ] ] } },
{ "type": "Feature", "properties": { "Категория": "Дневной стационар", "Полное_наименование": "Государственное бюджетное учреждение здравоохранения города Москвы «Филиал Московского городского научно-практического центра борьбы с туберкулезом по Южному административному округу Департамента здравоохранения города Москвы». Дневной стационар", "Краткое_название": "ГБУЗ филиал по ЮАО МНПЦ БсТ ДЗМ. Дневной стационар", "Адм_округ": "Южный административный округ", "Район": "район Нагатинский Затон", "Почтовый_индекс": "115407", "Адрес": "Российская Федерация, город Москва, внутригородская территория муниципальный округ Нагатинский Затон, улица Речников, дом 25", "Телефон_руководителя": "(499) 268-00-05", "Общий_телефон": "(499) 614-63-15", "Факс": "(499) 614-63-15", "Email": "cbt@zdrav.mos.ru", "Сайт": null, "Режим_работы": "Понедельник: 09:00-16:00; Вторник: 09:00-16:00; Среда: 09:00-16:00; Четверг: 09:00-16:00; Пятница: 09:00-16:00; Суббота: выходной; Воскресенье: выходной", "Уточнение_режима": "", "Руководитель": "Одинцов Виталий Евгеньевич", "Должность_руководителя": "исполняющий обязанности директора", "ИНН": "7718115064", "КПП": "771801001", "ОГРН": "1027739705685", "Возрастное_ограничение": "взрослое", "Информация_по_специализации": "", "Доп_информация": "" }, "geometry": { "type": "MultiPoint", "coordinates": [ [ 37.689763084, 55.677551501 ] ] } },
{ "type": "Feature", "properties": { "Категория": "Дневной стационар", "Полное_наименование": "Государственное бюджетное учреждение здравоохранения города Москвы «Детская городская поликлиника № 129 Департамента здравоохранения города Москвы». Дневной стационар", "Краткое_название": "ГБУЗ ДГП № 129 ДЗМ. Дневной стационар", "Адм_округ": "Южный административный округ", "Район": "район Чертаново Центральное", "Почтовый_индекс": "117525", "Адрес": "Российская Федерация, город Москва, внутригородская территория муниципальный округ Чертаново Центральное, Чертановская улица, дом 28А", "Телефон_руководителя": "(495) 315-07-33", "Общий_телефон": "(495) 315-07-29", "Факс": "(495) 315-07-33", "Email": "dgp129@zdrav.mos.ru", "Сайт": null, "Режим_работы": "Понедельник: выходной; Вторник: выходной; Среда: выходной; Четверг: выходной; Пятница: 09:00-13:30; Суббота: выходной; Воскресенье: выходной", "Уточнение_режима": "", "Руководитель": "Бучнева Наталья Николаевна", "Должность_руководителя": "главный врач", "ИНН": "7726318501", "КПП": "772601001", "ОГРН": "1037726008110", "Возрастное_ограничение": "детское", "Информация_по_специализации": "", "Доп_информация": "" }, "geometry": { "type": "MultiPoint", "coordinates": [ [ 37.592598167, 55.620501717 ] ] } },
{ "type": "Feature", "properties": { "Категория": "Дневной стационар", "Полное_наименование": "Государственное бюджетное учреждение здравоохранения города Москвы «Психоневрологический диспансер № 17 филиал Психиатрической клинической больницы № 4 имени П. Б. Ганнушкина Департамента здравоохранения города Москвы». Дневной стационар", "Краткое_название": "ГБУЗ ПНД № 17 филиал ПКБ № 4 им. П. Б. Ганнушкина ДЗМ. Дневной стационар", "Адм_округ": "Северо-Западный административный округ", "Район": "район Покровское-Стрешнево", "Почтовый_индекс": "125362", "Адрес": "Российская Федерация, город Москва, внутригородская территория муниципальный округ Покровское-Стрешнево, Подмосковная улица, дом 5", "Телефон_руководителя": "(495) 963-01-64", "Общий_телефон": "(495) 491-13-76", "Факс": "(495) 491-31-88", "Email": "pkb4@zdrav.mos.ru", "Сайт": null, "Режим_работы": "Понедельник: 08:00-15:30; Вторник: 08:00-15:30; Среда: 08:00-15:30; Четверг: 08:00-15:30; Пятница: 08:00-15:30; Суббота: выходной; Воскресенье: выходной", "Уточнение_режима": "", "Руководитель": "Бурыгина Лариса Андреевна", "Должность_руководителя": "главный врач", "ИНН": "7718084948", "КПП": "771801001", "ОГРН": "1027700460303", "Возрастное_ограничение": "взрослое", "Информация_по_специализации": "", "Доп_информация": "" }, "geometry": { "type": "MultiPoint", "coordinates": [ [ 37.455383554, 55.831726975 ] ] } },
{ "type": "Feature", "properties": { "Категория": "Дневной стационар", "Полное_наименование": "Государственное бюджетное учреждение здравоохранения города Москвы «Диагностический центр № 5 с поликлиническим отделением филиал № 4 Департамента здравоохранения города Москвы». Дневной стационар", "Краткое_название": "ГБУЗ ДЦ № 5 филиал № 4 ДЗМ. Дневной стационар", "Адм_округ": "Северо-Восточный административный округ", "Район": "район Бибирево", "Почтовый_индекс": "127543", "Адрес": "Российская Федерация, город Москва, внутригородская территория муниципальный округ Бибирево, улица Корнейчука, дом 28", "Телефон_руководителя": "(499) 200-12-65", "Общий_телефон": "(499) 206-35-00", "Факс": "(499) 206-35-00", "Email": "dc5@zdrav.mos.ru", "Сайт": null, "Режим_работы": "Понедельник: 08:00-14:00; Вторник: 08:00-14:00; Среда: 08:00-14:00; Четверг: 08:00-14:00; Пятница: 08:00-14:00; Суббота: выходной; Воскресенье: выходной", "Уточнение_режима": "", "Руководитель": "Гуляев Павел Владимирович", "Должность_руководителя": "главный врач", "ИНН": "7715065224", "КПП": "771501001", "ОГРН": "1027700333605", "Возрастное_ограничение": "взрослое", "Информация_по_специализации": "", "Доп_информация": "" }, "geometry": { "type": "MultiPoint", "coordinates": [ [ 37.618373179, 55.899281914 ] ] } },
{ "type": "Feature", "properties": { "Категория": "Дневной стационар", "Полное_наименование": "Государственное бюджетное учреждение здравоохранения города Москвы «Городская поликлиника № 22 филиал № 2 Департамента здравоохранения города Москвы». Дневной стационар", "Краткое_название": "ГБУЗ ГП № 22 филиал № 2 ДЗМ. Дневной стационар", "Адм_округ": "Юго-Западный административный округ", "Район": "Академический район", "Почтовый_индекс": "117449", "Адрес": "город Москва, улица Дмитрия Ульянова, дом 25", "Телефон_руководителя": "(495) 718-97-01", "Общий_телефон": "(499) 126-11-50", "Факс": "(499) 126-25-45", "Email": "gp22@zdrav.mos.ru", "Сайт": null, "Режим_работы": "Понедельник: 08:00-20:00; Вторник: 08:00-20:00; Среда: 08:00-20:00; Четверг: 08:00-20:00; Пятница: 08:00-20:00; Суббота: выходной; Воскресенье: выходной", "Уточнение_режима": "", "Руководитель": "Вершинина Лилия Геннадьевна", "Должность_руководителя": "главный врач", "ИНН": "7736234378", "КПП": "773601001", "ОГРН": "1037736015811", "Возрастное_ограничение": "взрослое", "Информация_по_специализации": "", "Доп_информация": "" }, "geometry": { "type": "MultiPoint", "coordinates": [ [ 37.579727934, 55.686276275 ] ] } },
{ "type": "Feature", "properties": { "Категория": "Дневной стационар", "Полное_наименование": "Государственное бюджетное учреждение здравоохранения «Психиатрическая клиническая больница № 13 Департамента здравоохранения города Москвы» филиал № 3. Дневной стационар", "Краткое_название": "ГБУЗ ПКБ № 13 ДЗМ филиал № 3. Дневной стационар", "Адм_округ": "Юго-Восточный административный округ", "Район": "район Кузьминки", "Почтовый_индекс": "109462", "Адрес": "город Москва, Волжский бульвар, дом 27, корпус 4", "Телефон_руководителя": "(495) 350-35-80", "Общий_телефон": "(499) 178-96-25", "Факс": "(499) 179-33-43", "Email": "pb13@zdrav.mos.ru", "Сайт": null, "Режим_работы": "Понедельник: 09:00-16:00; Вторник: 09:00-16:00; Среда: 11:00-18:00; Четверг: 09:00-16:00; Пятница: 09:00-16:00; Суббота: выходной; Воскресенье: выходной", "Уточнение_режима": "", "Руководитель": "Пыжова Виктория Владимировна", "Должность_руководителя": "исполняющий обязанности главного врача", "ИНН": "7723040720", "КПП": "772301001", "ОГРН": "1027739601449", "Возрастное_ограничение": "взрослое", "Информация_по_специализации": "", "Доп_информация": "" }, "geometry": { "type": "MultiPoint", "coordinates": [ [ 37.754036483, 55.703684438 ] ] } },
{ "type": "Feature", "properties": { "Категория": "Дневной стационар", "Полное_наименование": "Государственное бюджетное учреждение здравоохранения города Москвы «Городская клиническая больница им. М.П. Кончаловского Департамента здравоохранения города Москвы» филиал Поликлиническое отделение № 1. Дневной стационар", "Краткое_название": "ГБУЗ ГКБ им. М.П. Кончаловского ДЗМ филиал Поликлиническое отделение № 1. Дневной стационар", "Адм_округ": "Зеленоградский административный округ", "Район": "район Савёлки", "Почтовый_индекс": "124489", "Адрес": "Российская Федерация, город Москва, внутригородская территория муниципальный округ Савелки, город Зеленоград, Каштановая аллея, дом 2, строение 7", "Телефон_руководителя": "(499) 735-64-29", "Общий_телефон": "(499) 735-13-92", "Факс": "(499) 735-82-49", "Email": "gb3@zdrav.mos.ru", "Сайт": null, "Режим_работы": "Понедельник: 09:00-17:00; Вторник: 09:00-17:00; Среда: 09:00-17:00; Четверг: 09:00-17:00; Пятница: 09:00-17:00; Суббота: выходной; Воскресенье: выходной", "Уточнение_режима": "", "Руководитель": "Погонин Алексей Владимирович", "Должность_руководителя": "главный врач", "ИНН": "7735069192", "КПП": "773501001", "ОГРН": "1037739064285", "Возрастное_ограничение": "взрослое", "Информация_по_специализации": "", "Доп_информация": "" }, "geometry": { "type": "MultiPoint", "coordinates": [ [ 37.237657921, 55.984576454 ] ] } },
{ "type": "Feature", "properties": { "Категория": "Дневной стационар", "Полное_наименование": "Государственное бюджетное учреждение здравоохранения города Москвы «Городская поликлиника № 22 филиал № 3 Департамента здравоохранения города Москвы». Дневной стационар", "Краткое_название": "ГБУЗ ГП № 22 филиал № 3 ДЗМ. Дневной стационар", "Адм_округ": "Юго-Западный административный округ", "Район": "Академический район", "Почтовый_индекс": "117218", "Адрес": "Российская Федерация, город Москва, внутригородская территория муниципальный округ Академический, улица Кедрова, дом 24", "Телефон_руководителя": "(495) 718-97-01", "Общий_телефон": "(495) 718-94-44", "Факс": "(495) 718-80-11", "Email": "gp22@zdrav.mos.ru", "Сайт": null, "Режим_работы": "Понедельник: 07:30-20:00; Вторник: 07:30-20:00; Среда: 07:30-20:00; Четверг: 07:30-20:00; Пятница: 07:30-20:00; Суббота: 09:00-18:00; Воскресенье: 09:00-16:00", "Уточнение_режима": "", "Руководитель": "Вершинина Лилия Геннадьевна", "Должность_руководителя": "главный врач", "ИНН": "7736234378", "КПП": "773601001", "ОГРН": "1037736015811", "Возрастное_ограничение": "взрослое", "Информация_по_специализации": "", "Доп_информация": "" }, "geometry": { "type": "MultiPoint", "coordinates": [ [ 37.57657812, 55.681798756 ] ] } },
{ "type": "Feature", "properties": { "Категория": "Дневной стационар", "Полное_наименование": "Государственное бюджетное учреждение здравоохранения города Москвы «Городская поликлиника № 23 филиал № 1 Департамента здравоохранения города Москвы». Дневной стационар", "Краткое_название": "ГБУЗ ГП № 23 филиал № 1 ДЗМ. Дневной стационар", "Адм_округ": "Юго-Восточный административный округ", "Район": "район Выхино-Жулебино", "Почтовый_индекс": "109145", "Адрес": "Российская Федерация, город Москва, внутригородская территория муниципальный округ Выхино-Жулебино, Жулебинский бульвар, дом 8", "Телефон_руководителя": "(499) 796-05-17", "Общий_телефон": "(495) 705-07-13", "Факс": "(495) 705-18-81", "Email": "gp23@zdrav.mos.ru", "Сайт": null, "Режим_работы": "Понедельник: 08:00-20:00; Вторник: 08:00-20:00; Среда: 08:00-20:00; Четверг: 08:00-20:00; Пятница: 08:00-20:00; Суббота: выходной; Воскресенье: выходной", "Уточнение_режима": "", "Руководитель": "Гордина Ольга Андреевна", "Должность_руководителя": "главный врач", "ИНН": "7721244510", "КПП": "772101001", "ОГРН": "1027739093293", "Возрастное_ограничение": "взрослое", "Информация_по_специализации": "", "Доп_информация": "" }, "geometry": { "type": "MultiPoint", "coordinates": [ [ 37.848155701, 55.699203471 ] ] } },
{ "type": "Feature", "properties": { "Категория": "Дневной стационар", "Полное_наименование": "Государственное бюджетное учреждение здравоохранения города Москвы «Городская поликлиника № 107 Департамента здравоохранения города Москвы». Дневной стационар", "Краткое_название": "ГБУЗ ГП № 107 ДЗМ. Дневной стационар", "Адм_округ": "Северо-Восточный административный округ", "Район": "район Отрадное", "Почтовый_индекс": "127273", "Адрес": "город Москва, улица Декабристов, дом 24", "Телефон_руководителя": "(499) 907-63-24", "Общий_телефон": "(499) 907-63-77; (499) 204-09-19; (499) 204-60-11", "Факс": "(499) 904-99-90", "Email": "gp107@zdrav.mos.ru", "Сайт": null, "Режим_работы": "Понедельник: 08:00-19:00; Вторник: 08:00-19:00; Среда: 08:00-19:00; Четверг: 08:00-19:00; Пятница: 08:00-19:00; Суббота: выходной; Воскресенье: выходной", "Уточнение_режима": "", "Руководитель": "Большакова Елена Викторовна", "Должность_руководителя": "главный врач", "ИНН": "7715032878", "КПП": "771501001", "ОГРН": "1027739823979", "Возрастное_ограничение": "взрослое", "Информация_по_специализации": "", "Доп_информация": "" }, "geometry": { "type": "MultiPoint", "coordinates": [ [ 37.607985015, 55.861489975 ] ] } },
{ "type": "Feature", "properties": { "Категория": "Дневной стационар", "Полное_наименование": "Государственное бюджетное учреждение здравоохранения города Москвы «Городская поликлиника № 8 филиал № 3 Департамента здравоохранения города Москвы». Дневной стационар", "Краткое_название": "ГБУЗ ГП № 8 филиал № 3 ДЗМ. Дневной стационар", "Адм_округ": "Западный административный округ", "Район": "район Очаково-Матвеевское", "Почтовый_индекс": "119361", "Адрес": "Российская Федерация, город Москва, внутригородская территория муниципальный округ Очаково-Матвеевское, Большая Очаковская улица, дом 38", "Телефон_руководителя": "(495) 437-45-65", "Общий_телефон": "(495) 437-22-44", "Факс": "(495) 430-29-66", "Email": "gp8@zdrav.mos.ru", "Сайт": null, "Режим_работы": "Понедельник: 08:00-20:00; Вторник: 08:00-20:00; Среда: 08:00-20:00; Четверг: 08:00-20:00; Пятница: 08:00-20:00; Суббота: выходной; Воскресенье: выходной", "Уточнение_режима": "", "Руководитель": "Одарюк Оксана Анатольевна", "Должность_руководителя": "главный врач", "ИНН": "7729279321", "КПП": "772901001", "ОГРН": "1037739410928", "Возрастное_ограничение": "взрослое", "Информация_по_специализации": "", "Доп_информация": "" }, "geometry": { "type": "MultiPoint", "coordinates": [ [ 37.448921506, 55.678249276 ] ] } },
{ "type": "Feature", "properties": { "Категория": "Дневной стационар", "Полное_наименование": "Государственное бюджетное учреждение здравоохранения города Москвы «Городская поликлиника № 62 Департамента здравоохранения города Москвы». Дневной стационар", "Краткое_название": "ГБУЗ ГП № 62 ДЗМ. Дневной стационар", "Адм_округ": "Северный административный округ", "Район": "район Аэропорт", "Почтовый_индекс": "125167", "Адрес": "Российская Федерация, город Москва, внутригородская территория муниципальный округ Аэропорт, Красноармейская улица, дом 18", "Телефон_руководителя": "(499) 155-97-57", "Общий_телефон": "(499) 155-97-09", "Факс": "(499) 155-97-57", "Email": "gp62@zdrav.mos.ru", "Сайт": null, "Режим_работы": "Понедельник: 08:00-20:00; Вторник: 08:00-20:00; Среда: 08:00-20:00; Четверг: 08:00-20:00; Пятница: 08:00-20:00; Суббота: 08:00-18:00; Воскресенье: 09:00-16:00", "Уточнение_режима": "", "Руководитель": "Матвеева Анна Дмитриевна", "Должность_руководителя": "главный врач", "ИНН": "7714035675", "КПП": "771401001", "ОГРН": "1027739904390", "Возрастное_ограничение": "взрослое", "Информация_по_специализации": "", "Доп_информация": "" }, "geometry": { "type": "MultiPoint", "coordinates": [ [ 37.544961294, 55.80071613 ] ] } },
{ "type": "Feature", "properties": { "Категория": "Дневной стационар", "Полное_наименование": "Государственное бюджетное учреждение здравоохранения города Москвы «Городская поликлиника № 6 Департамента здравоохранения города Москвы». Дневной стационар", "Краткое_название": "ГБУЗ ГП № 6 ДЗМ. Дневной стационар", "Адм_округ": "Северный административный округ", "Район": "Тимирязевский район", "Почтовый_индекс": "127206", "Адрес": "Российская Федерация, город Москва, внутригородская территория муниципальный округ Тимирязевский, улица Вучетича, дом 7Б", "Телефон_руководителя": "(495) 611-27-29", "Общий_телефон": "(495) 611-29-38", "Факс": "(495) 611-27-29", "Email": "gp6@zdrav.mos.ru", "Сайт": null, "Режим_работы": "Понедельник: 08:30-16:00; Вторник: 08:30-16:00; Среда: 08:30-16:00; Четверг: 08:30-16:00; Пятница: 08:30-16:00; Суббота: выходной; Воскресенье: выходной", "Уточнение_режима": "", "Руководитель": "Кокарева Инга Викторовна", "Должность_руководителя": "главный врач", "ИНН": "7713004459", "КПП": "771301001", "ОГРН": "1027700335167", "Возрастное_ограничение": "взрослое", "Информация_по_специализации": "", "Доп_информация": "" }, "geometry": { "type": "MultiPoint", "coordinates": [ [ 37.556566875, 55.807714327 ] ] } },
{ "type": "Feature", "properties": { "Категория": "Дневной стационар", "Полное_наименование": "Государственное бюджетное учреждение здравоохранения города Москвы «Психиатрическая клиническая больница № 4 имени П. Б. Ганнушкина Департамента здравоохранения города Москвы» филиал Психиатрический стационар им. В.А. Гиляровского. Дневной стационар", "Краткое_название": "ГБУЗ ПКБ № 4 им. П. Б. Ганнушкина ДЗМ филиал Психиатрический стационар им. В.А. Гиляровского. Дневной стационар", "Адм_округ": "Восточный административный округ", "Район": "район Сокольники", "Почтовый_индекс": "107076", "Адрес": "Российская Федерация, город Москва, внутригородская территория муниципальный округ Сокольники, улица Матросская Тишина, дом 20, строение 20", "Телефон_руководителя": "(495) 963-01-64", "Общий_телефон": "(499) 268-89-52", "Факс": "(499) 268-89-52", "Email": "pkb4-pb3@zdrav.mos.ru", "Сайт": null, "Режим_работы": "Понедельник: 09:00-16:00; Вторник: 09:00-16:00; Среда: 09:00-16:00; Четверг: 09:00-16:00; Пятница: 09:00-16:00; Суббота: выходной; Воскресенье: выходной", "Уточнение_режима": "", "Руководитель": "Бурыгина Лариса Андреевна", "Должность_руководителя": "главный врач", "ИНН": "7718084948", "КПП": "771801001", "ОГРН": "1027700460303", "Возрастное_ограничение": "", "Информация_по_специализации": "", "Доп_информация": "" }, "geometry": { "type": "MultiPoint", "coordinates": [ [ 37.700839229, 55.791806578 ] ] } },
{ "type": "Feature", "properties": { "Категория": "Дневной стационар", "Полное_наименование": "Государственное бюджетное учреждение здравоохранения города Москвы «Психиатрическая клиническая больница № 4 имени П. Б. Ганнушкина филиал Психоневрологический диспансер № 5 Департамента здравоохранения города Москвы». Дневной стационар", "Краткое_название": "ГБУЗ ПКБ № 4 им. П. Б. Ганнушкина филиал ПНД № 5 ДЗМ. Дневной стационар", "Адм_округ": "Северный административный округ", "Район": "Тимирязевский район", "Почтовый_индекс": "127206", "Адрес": "Российская Федерация, город Москва, внутригородская территория муниципальный округ Тимирязевский, улица Вучетича, дом 28, корпус 1", "Телефон_руководителя": "(495) 963-01-64", "Общий_телефон": "(495) 611-20-06", "Факс": "(495) 963-01-64", "Email": "pkb4@zdrav.mos.ru", "Сайт": null, "Режим_работы": "Понедельник: 08:00-16:00; Вторник: 08:00-16:00; Среда: 08:00-16:00; Четверг: 08:00-16:00; Пятница: 08:00-16:00; Суббота: выходной; Воскресенье: выходной", "Уточнение_режима": "", "Руководитель": "Бурыгина Лариса Андреевна", "Должность_руководителя": "главный врач", "ИНН": "7718084948", "КПП": "771801001", "ОГРН": "1027700460303", "Возрастное_ограничение": "взрослое", "Информация_по_специализации": "", "Доп_информация": "" }, "geometry": { "type": "MultiPoint", "coordinates": [ [ 37.557512064, 55.813491092 ], [ 37.55727038, 55.813047687 ] ] } },
{ "type": "Feature", "properties": { "Категория": "Дневной стационар", "Полное_наименование": "Государственное бюджетное учреждение здравоохранения города Москвы «Московский клинический научно-исследовательский центр Больница 52 Департамента здравоохранения города Москвы». Межокружной ревматологический центр. Дневной стационар", "Краткое_название": "ГБУЗ МКНИЦ Больница 52 ДЗМ. МРЦ. Дневной стационар", "Адм_округ": "Северо-Западный административный округ", "Район": "район Щукино", "Почтовый_индекс": "123182", "Адрес": "город Москва, Пехотная улица, дом 3, строение 16", "Телефон_руководителя": "(499) 196-39-36", "Общий_телефон": "(495) 870-36-07", "Факс": "(495) 870-36-07", "Email": "gkb52@zdrav.mos.ru", "Сайт": null, "Режим_работы": "Понедельник: 08:00-20:00; Вторник: 08:00-20:00; Среда: 08:00-20:00; Четверг: 08:00-20:00; Пятница: 08:00-20:00; Суббота: 09:00-18:00; Воскресенье: 09:00-16:00", "Уточнение_режима": "", "Руководитель": "Лысенко Марьяна Анатольевна", "Должность_руководителя": "директор", "ИНН": "7734115329", "КПП": "773401001", "ОГРН": "1027739078652", "Возрастное_ограничение": "взрослое", "Информация_по_специализации": "Оказание специализированной медицинской помощи по профилю ревматология", "Доп_информация": "Межокружной ревматологический центр находится на 5 этаже" }, "geometry": { "type": "MultiPoint", "coordinates": [ [ 37.487939664, 55.803362767 ] ] } },
{ "type": "Feature", "properties": { "Категория": "Дневной стационар", "Полное_наименование": "Государственное бюджетное учреждение здравоохранения города Москвы «Клинико-диагностический центр № 4 филиал № 6 Департамента здравоохранения города Москвы». Дневной стационар", "Краткое_название": "ГБУЗ КДЦ № 4 филиал № 6 ДЗМ. Дневной стационар", "Адм_округ": "Западный административный округ", "Район": "Можайский район", "Почтовый_индекс": "121374", "Адрес": "Российская Федерация, город Москва, внутригородская территория муниципальный округ Можайский, Можайское шоссе, дом 14, строение 4", "Телефон_руководителя": "(495) 413-17-64", "Общий_телефон": "(495) 122-02-21", "Факс": "(495) 444-10-85", "Email": "kdc4-f6@zdrav.mos.ru", "Сайт": null, "Режим_работы": "Понедельник: 08:00-15:00; Вторник: 08:00-15:00; Среда: 08:00-15:00; Четверг: 08:00-15:00; Пятница: 08:00-15:00; Суббота: выходной; Воскресенье: выходной", "Уточнение_режима": "", "Руководитель": "Кечина Ольга Владимировна", "Должность_руководителя": "главный врач", "ИНН": "7731062728", "КПП": "773101001", "ОГРН": "1027739302326", "Возрастное_ограничение": "", "Информация_по_специализации": "", "Доп_информация": "" }, "geometry": { "type": "MultiPoint", "coordinates": [ [ 37.431530219, 55.721236599 ] ] } },
{ "type": "Feature", "properties": { "Категория": "Дневной стационар", "Полное_наименование": "Государственное бюджетное учреждение здравоохранения города Москвы «Городская поликлиника № 220 филиал № 4 Департамента здравоохранения города Москвы». Дневной стационар", "Краткое_название": "ГБУЗ ГП № 220 филиал № 4 ДЗМ. Дневной стационар", "Адм_округ": "Западный административный округ", "Район": "район Филёвский Парк", "Почтовый_индекс": "121601", "Адрес": "Российская Федерация, город Москва, внутригородская территория муниципальный округ Филевский Парк, Филёвский бульвар, дом 18", "Телефон_руководителя": "(499) 255-19-37", "Общий_телефон": "(499) 255-14-33; (499) 255-54-04", "Факс": "(499) 255-08-19", "Email": "gp220@zdrav.mos.ru", "Сайт": null, "Режим_работы": "Понедельник: 08:00-14:00; Вторник: 08:00-14:00; Среда: 08:00-14:00; Четверг: 08:00-14:00; Пятница: 08:00-14:00; Суббота: выходной; Воскресенье: выходной", "Уточнение_режима": "", "Руководитель": "Тяжельников Андрей Александрович", "Должность_руководителя": "главный врач", "ИНН": "7703173546", "КПП": "770301001", "ОГРН": "1037700202022", "Возрастное_ограничение": "взрослое", "Информация_по_специализации": "", "Доп_информация": "" }, "geometry": { "type": "MultiPoint", "coordinates": [ [ 37.478804056, 55.763904549 ] ] } }
]
}
